AIDS,PIB,Usuários Internet,Crescimento Populacional,Desemprego,Investimentos Educação,Analfabetismo 15 e 24,Analfabetismo 25 e 64,Qtd Professores EF,Crianças Fora Escola,Qtd Alunos por professor,Qtd Alunos EF
1.0,15.94,4.0,2.81,8.1,3.46,2947366.0,6844551.6,118858.0,8.97,44.42,91.03
1.0,17.93,5.0,3.1,8.2,3.44,2947366.0,6844551.6,121593.0,8.97,43.52,91.03
1.0,20.54,5.45,3.27,8.0,2.53,2947366.0,6844551.6,129093.0,8.97,44.68,91.03
1.0,20.05,5.9,3.32,8.4,3.48,2947366.0,6844551.6,130957.0,8.97,45.71,91.03
1.0,20.05,7.0,3.18,8.6,3.78,2947366.0,6844551.6,130957.0,8.97,45.71,91.03
1.0,19.22,8.26,2.94,8.6,3.32,2947366.0,6844551.6,142880.0,8.97,44.33,91.03
0.0,11.93,45.0,-0.5,14.2,3.32,2947366.0,6844551.6,11409.0,8.97,19.7,91.03
1.0,12.89,49.0,-0.27,14.0,3.32,6547.0,19796.19,10854.0,6.77,19.87,93.23
0.0,12.32,54.66,-0.17,13.4,3.32,4302.0,15537.94,10605.0,3.86,19.48,96.14
0.0,12.78,57.2,-0.18,15.6,3.54,4302.0,15537.94,10402.0,4.09,19.12,95.91
0.0,13.23,60.1,-0.21,17.5,3.54,4302.0,15537.94,10343.0,4.08,18.92,95.92
0.0,11.34,63.25,-0.29,17.1,3.54,4302.0,15537.94,10119.0,4.08,18.62,95.92
1.0,161.21,12.5,1.82,10.0,3.54,4302.0,15537.94,141994.0,1.34,23.33,98.66
1.0,200.02,14.9,1.92,10.0,3.54,4302.0,15537.94,144537.0,1.25,23.27,98.75
1.0,209.06,18.2,2.01,11.0,3.54,4302.0,15537.94,149036.0,1.25,23.16,98.75
1.0,209.76,22.5,2.04,9.8,3.54,4302.0,15537.94,155144.0,1.25,23.26,98.75
1.0,213.81,29.5,2.0,10.6,3.54,4302.0,15537.94,159115.0,1.25,23.66,98.75
1.0,165.87,38.2,1.92,11.2,3.54,4302.0,15537.94,164684.0,1.19,23.84,98.81
1.0,82.47,2.8,3.57,6.2,3.48,4302.0,15537.94,93734.0,18.66,45.59,81.34
0.0,104.12,3.1,3.57,6.2,3.48,4302.0,15537.94,118158.0,15.99,42.54,84.01
0.0,115.4,6.5,3.56,6.2,3.48,4302.0,15537.94,118158.0,15.99,42.54,84.01
0.0,124.91,8.9,3.53,6.2,3.48,4302.0,15537.94,118158.0,15.99,42.54,84.01
0.0,126.78,10.2,3.49,6.2,3.48,1047558.0,2736780.71,118158.0,15.99,42.54,84.01
1.0,102.96,12.4,3.43,6.2,3.48,1047558.0,2736780.71,118158.0,15.99,42.54,84.01
1.0,423.63,45.0,1.04,7.7,4.99,1047558.0,2736780.71,118158.0,0.93,42.54,99.07
1.0,530.16,51.0,1.04,7.2,5.26,1047558.0,2736780.71,118158.0,0.86,42.54,99.14
0.0,545.98,55.8,1.05,7.2,5.32,1047558.0,2736780.71,118158.0,0.82,42.54,99.18
0.0,552.03,59.9,1.05,7.1,5.42,1047558.0,2736780.71,118158.0,0.65,42.54,99.35
1.0,526.32,64.7,1.03,7.3,5.33,1047558.0,2736780.71,118158.0,0.33,42.54,99.67
0.0,584.71,68.04,1.01,7.2,5.33,48105.0,340191.37,118158.0,0.33,42.54,99.67
0.0,9.26,25.0,-0.39,19.0,3.25,48105.0,340191.37,118158.0,0.33,42.54,99.67
0.0,10.14,32.0,-0.06,18.4,3.14,824.0,2034.22,118158.0,0.33,42.54,99.67
0.0,10.62,37.5,0.22,17.3,2.77,824.0,2034.22,118158.0,0.33,42.54,99.67
0.0,11.12,41.9,0.4,16.2,2.65,824.0,2034.22,118158.0,0.33,42.54,99.67
0.0,11.61,54.62,0.44,17.6,2.25,824.0,2034.22,118158.0,0.33,42.54,99.67
0.0,10.55,59.1,0.37,18.3,2.81,824.0,2034.22,118158.0,3.58,42.54,96.42
0.0,1142.88,76.0,1.56,5.2,5.56,824.0,2034.22,118158.0,2.89,42.54,97.11
1.0,1390.56,79.49,1.39,5.1,5.1,824.0,2034.22,118158.0,2.23,42.54,97.77
0.0,1538.19,79.0,1.72,5.2,4.9,824.0,2034.22,118158.0,2.34,42.54,97.66
0.0,1567.18,83.45,1.7,5.7,5.29,824.0,2034.22,118158.0,2.55,42.54,97.45
0.0,1459.6,84.0,1.47,6.1,5.23,824.0,2034.22,118158.0,2.86,42.54,97.14
0.0,1345.38,84.56,1.39,6.1,5.23,824.0,2034.22,118158.0,2.84,42.54,97.16
0.0,52.9,46.0,1.19,5.6,2.78,931.0,5071.58,43610.0,15.27,11.04,84.73
0.0,65.95,50.0,1.3,5.4,2.44,1036.0,4812.3,43242.0,12.73,11.16,87.27
0.0,69.68,54.2,1.33,5.2,2.1,1144.0,5348.35,41221.0,10.71,11.92,89.29
0.0,74.16,73.0,1.29,5.0,2.46,832.0,5196.59,41012.0,6.33,12.15,93.67
0.0,75.24,75.0,1.25,4.9,2.63,724.0,5450.94,41012.0,5.19,12.62,94.81
0.0,53.07,77.0,1.19,5.0,2.63,924.0,5306.86,40830.0,5.74,13.5,94.26
0.0,4.46,65.1,0.39,10.7,5.88,924.0,5306.86,1742.0,4.92,13.01,95.08
0.0,4.66,66.5,0.37,11.2,5.88,924.0,5306.86,1720.0,6.38,13.09,93.62
0.0,4.66,71.2,0.35,11.6,5.62,924.0,5306.86,1720.0,6.38,13.09,93.62
0.0,4.61,71.8,0.33,11.6,5.48,924.0,5306.86,1720.0,6.38,13.09,93.62
0.0,4.61,75.16,0.31,12.2,6.57,924.0,5306.86,1145.0,8.51,18.49,91.49
0.0,4.58,76.11,0.29,11.4,6.57,924.0,5306.86,1145.0,8.51,18.49,91.49
1.0,57.22,31.8,-0.17,0.7,5.43,924.0,5306.86,23907.0,8.6,14.97,91.4
1.0,61.76,39.65,-0.18,0.7,4.85,924.0,5306.86,23644.0,8.98,14.96,91.02
1.0,65.69,46.91,-0.09,0.6,5.12,924.0,5306.86,23595.0,5.82,14.91,94.18
1.0,75.53,54.17,0.02,0.5,5.18,924.0,5306.86,23150.0,6.86,15.36,93.14
1.0,78.81,59.02,0.09,0.5,4.99,924.0,5306.86,22383.0,5.94,16.48,94.06
0.0,56.45,67.3,0.16,0.5,4.95,924.0,5306.86,22029.0,4.35,17.57,95.65
0.0,6.97,3.13,2.81,1.0,5.03,924.0,5306.86,38540.0,5.88,46.39,94.12
0.0,7.81,4.15,2.8,1.0,5.03,924.0,5306.86,42293.0,5.94,44.2,94.06
0.0,8.15,4.5,2.8,1.0,4.87,947790.0,2479843.61,45010.0,5.14,44.15,94.86
0.0,9.16,4.9,2.79,1.1,4.55,947790.0,2479843.61,47201.0,5.14,43.73,94.86
0.0,9.71,6.0,2.78,1.0,4.32,947790.0,2479843.61,46454.0,4.13,45.92,95.87
0.0,8.29,11.25,2.77,1.0,4.36,947790.0,2479843.61,49688.0,4.13,45.04,95.87
0.0,12.79,6.0,1.75,17.9,4.36,947790.0,2479843.61,49688.0,4.13,45.04,95.87
0.0,15.68,9.0,1.79,17.6,4.36,947790.0,2479843.61,49688.0,4.13,45.04,95.87
0.0,14.69,16.0,1.83,17.4,4.36,947790.0,2479843.61,14342.0,9.23,23.42,90.77
0.0,14.92,30.0,1.86,17.5,4.36,947790.0,2479843.61,15035.0,8.64,22.62,91.36
0.0,16.26,36.74,1.86,17.1,4.36,947790.0,2479843.61,15035.0,8.64,22.62,91.36
0.0,14.43,37.31,1.86,16.8,4.36,947790.0,2479843.61,15035.0,8.64,22.62,91.36
1.0,50.61,46.23,-0.66,10.3,3.86,947790.0,2479843.61,14885.0,0.67,17.49,99.33
0.0,57.42,47.98,-0.64,11.3,3.56,17961.0,52678.16,14608.0,1.4,17.46,98.6
0.0,53.9,51.9,-0.58,12.3,3.5,17961.0,52678.16,14489.0,3.01,17.42,96.99
0.0,55.76,53.06,-0.56,12.9,4.06,17961.0,52678.16,14388.0,3.38,17.63,96.62
0.0,56.73,55.49,-0.57,11.4,4.06,17961.0,52678.16,14596.0,3.64,17.73,96.36
0.0,50.2,56.66,-0.64,9.1,4.06,17961.0,52678.16,14596.0,5.06,17.73,94.94
0.0,8.98,2.4,3.02,3.3,3.94,17961.0,52678.16,39077.0,39.93,52.4,60.07
0.0,10.72,3.0,3.01,3.3,4.48,17961.0,52678.16,41857.0,35.36,52.69,64.64
0.0,11.17,3.73,3.0,3.3,4.05,17961.0,52678.16,48592.0,34.25,48.24,65.75
0.0,11.95,9.1,2.98,3.3,4.6,17961.0,52678.16,53505.0,33.38,46.1,66.62
0.0,12.38,9.4,2.96,3.3,4.6,1727918.0,3956190.24,58294.0,32.05,44.5,67.95
0.0,10.42,11.39,2.94,3.3,4.06,1727918.0,3956190.24,64177.0,30.34,42.18,69.66
0.0,2.03,1.0,3.22,1.6,6.81,1727918.0,3956190.24,36557.0,8.48,50.6,91.52
0.0,2.36,1.11,3.11,1.6,6.0,1727918.0,3956190.24,40288.0,8.48,48.31,91.52
0.0,2.47,1.22,3.01,1.6,5.82,1727918.0,3956190.24,42052.0,8.48,47.1,91.52
0.0,2.71,1.26,2.97,1.6,5.42,1727918.0,3956190.24,44662.0,8.95,45.0,91.05
0.0,3.09,1.38,2.99,1.6,5.42,424545.0,1612572.61,46887.0,4.32,43.65,95.68
0.0,3.07,4.87,3.06,1.5,5.42,424545.0,1612572.61,47949.0,5.39,43.22,94.61
0.0,1.66,30.0,1.08,10.7,5.55,424545.0,1612572.61,3009.0,4.75,23.64,95.25
0.0,1.86,32.0,1.12,10.7,5.04,424545.0,1612572.61,2972.0,3.29,23.26,96.71
0.0,1.75,34.74,1.16,10.6,5.04,2146.0,28427.53,2956.0,1.57,22.97,98.43
0.0,1.85,37.5,1.19,10.5,4.99,2146.0,28427.53,2955.0,1.58,22.93,98.42
0.0,1.86,40.26,1.21,10.4,4.99,2146.0,28427.53,2965.0,1.76,22.6,98.24
0.0,1.57,47.96,1.22,10.4,4.99,2060.0,27173.71,2988.0,2.73,21.95,97.27
0.0,11.24,1.26,1.54,0.4,1.54,2060.0,27173.71,46905.0,6.72,48.45,93.28
0.0,12.83,3.1,1.59,0.2,1.51,2060.0,27173.71,47033.0,2.48,47.29,97.52
0.0,14.04,4.94,1.63,0.2,1.56,2060.0,27173.71,48002.0,2.59,45.72,97.41
0.0,15.45,6.8,1.65,0.3,2.02,2060.0,27173.71,47413.0,2.59,46.93,97.41
0.0,16.78,14.0,1.64,0.1,1.9,2060.0,27173.71,47691.0,5.29,44.63,94.71
0.0,18.05,19.0,1.6,0.1,1.9,2060.0,27173.71,47866.0,5.07,45.52,94.93
0.0,26.14,4.3,2.73,4.1,3.31,812358.0,1993215.51,76655.0,5.07,45.79,94.93
0.0,29.34,5.0,2.72,4.1,3.06,812358.0,1993215.51,78903.0,12.37,45.44,87.63
0.0,29.1,7.5,2.7,4.1,2.97,812358.0,1993215.51,84467.0,5.94,45.56,94.06
0.0,32.35,10.0,2.68,4.1,3.03,812358.0,1993215.51,84467.0,5.94,45.56,94.06
0.0,34.94,16.21,2.66,4.1,3.03,812358.0,1993215.51,93738.0,5.3,44.2,94.7
0.0,30.92,20.68,2.64,4.1,3.03,812358.0,1993215.51,105388.0,4.89,41.47,95.11
0.0,1.99,2.0,1.0,6.2,1.2,569841.0,979124.59,7553.0,30.31,84.32,69.69
0.0,2.21,2.2,0.62,6.2,1.22,569841.0,979124.59,7974.0,32.23,81.31,67.77
0.0,2.18,3.0,0.32,6.2,1.22,569841.0,979124.59,8267.0,29.16,80.12,70.84
0.0,1.52,3.4,0.21,5.6,1.22,569841.0,979124.59,8267.0,29.16,80.12,70.84
0.0,1.7,3.6,0.35,6.1,1.22,569841.0,979124.59,8267.0,29.16,80.12,70.84
0.0,1.58,3.8,0.68,6.2,1.22,569841.0,979124.59,8267.0,29.16,80.12,70.84
0.0,10.66,1.7,3.29,5.9,1.98,569841.0,979124.59,27764.0,29.16,62.2,70.84
0.0,12.16,1.9,3.32,5.7,2.26,569841.0,979124.59,30813.0,36.96,62.59,63.04
0.0,12.37,2.1,3.33,5.8,2.21,569841.0,979124.59,34125.0,36.96,61.27,63.04
0.0,12.95,2.5,3.32,5.8,2.85,569841.0,979124.59,37336.0,20.88,62.43,79.12
0.0,13.92,2.9,3.26,5.8,2.85,569841.0,979124.59,37336.0,20.88,62.43,79.12
0.0,10.89,3.5,3.19,5.7,2.85,1733809.0,3265709.16,37336.0,20.88,62.43,79.12
1.0,218.54,45.0,0.97,8.1,4.18,1733809.0,3265709.16,66059.0,4.95,23.41,95.05
1.0,252.25,52.25,0.94,7.1,4.08,16618.0,230679.72,69191.0,6.29,21.97,93.71
1.0,267.12,55.05,0.91,6.4,4.58,16618.0,230679.72,71073.0,6.86,21.16,93.14
1.0,278.38,58.0,0.88,5.9,4.56,26452.0,272476.63,75405.0,7.49,19.53,92.51
1.0,260.99,61.11,0.86,6.4,4.75,26452.0,272476.63,75405.0,6.93,19.53,93.07
1.0,242.52,64.29,0.84,6.2,4.92,26452.0,272476.63,75405.0,5.64,19.53,94.36
1.0,287.02,36.5,1.1,11.8,4.83,160666.0,1353896.49,180760.0,2.78,28.13,97.22
1.0,335.42,40.35,1.06,10.9,4.46,148505.0,1366926.57,178550.0,2.68,27.58,97.32
0.0,369.66,48.98,1.02,10.4,4.39,148505.0,1366926.57,189335.0,5.65,25.05,94.35
0.0,380.19,51.7,0.98,9.7,4.91,148505.0,1366926.57,188462.0,6.92,24.98,93.08
1.0,378.2,52.57,0.94,9.2,4.66,121860.0,1258162.78,187042.0,7.74,24.29,92.26
0.0,291.52,55.9,0.91,9.0,4.49,121588.0,1255798.48,188208.0,6.83,23.8,93.17
0.0,0.53,5.1,2.41,20.1,4.49,121588.0,1255798.48,188208.0,6.83,23.8,93.17
0.0,0.59,5.5,2.42,20.0,4.94,121588.0,1255798.48,4201.0,6.83,27.75,93.17
0.0,0.57,5.98,2.42,20.0,4.88,41920.0,150926.06,4201.0,6.83,27.75,93.17
0.0,0.62,6.5,2.41,19.9,4.3,41920.0,150926.06,4322.0,14.73,27.81,85.27
0.0,0.65,6.98,2.38,19.8,4.87,41920.0,150926.06,4322.0,18.7,27.81,81.3
0.0,0.57,7.46,2.35,19.7,4.34,41920.0,150926.06,4322.0,18.7,27.81,81.3
0.0,37.27,36.5,1.26,8.9,6.63,41920.0,150926.06,29163.0,18.7,17.85,81.3
1.0,42.26,39.21,1.21,10.3,6.45,7166.0,51445.23,29233.0,0.56,17.34,99.44
0.0,46.47,47.5,1.16,10.2,6.68,7166.0,51445.23,29233.0,0.53,17.34,99.47
1.0,49.75,45.96,1.12,9.4,6.87,7166.0,51445.23,35986.0,1.53,13.34,98.47
0.0,50.66,53.0,1.08,9.6,6.93,7166.0,51445.23,35967.0,3.64,13.23,96.36
1.0,54.84,59.76,1.05,9.6,7.18,7166.0,51445.23,37349.0,3.38,12.68,96.62
0.0,59.67,56.55,-0.26,11.6,4.25,7166.0,51445.23,11746.0,5.4,14.26,94.6
0.0,62.24,57.79,-0.26,13.7,4.15,1379.0,8457.85,11726.0,3.17,13.83,96.83
1.0,56.49,61.94,-0.31,15.9,4.15,1379.0,8457.85,11696.0,1.59,13.68,98.41
0.0,57.77,66.75,-0.28,17.3,4.58,1379.0,8457.85,11696.0,1.73,13.68,98.27
0.0,57.08,68.57,-0.41,17.3,4.58,1379.0,8457.85,11741.0,1.65,13.7,98.35
0.0,48.92,69.8,-0.82,16.3,4.58,1379.0,8457.85,11849.0,1.63,13.7,98.37
1.0,64.33,15.9,0.13,2.5,12.84,1379.0,8457.85,93414.0,0.21,9.13,99.79
1.0,68.99,16.02,0.19,3.2,12.84,1379.0,8457.85,90918.0,1.33,9.11,98.67
0.0,73.14,21.2,0.24,3.5,12.84,1905.0,15925.31,88699.0,2.96,9.06,97.04
0.0,77.15,27.93,0.26,3.3,12.84,1905.0,15925.31,85202.0,3.58,9.06,96.42
0.0,80.66,29.07,0.24,2.7,12.84,1905.0,15925.31,84209.0,6.76,9.07,93.24
0.0,87.13,37.31,0.19,2.4,12.84,1905.0,15925.31,83798.0,7.75,8.9,92.25
0.0,1.13,6.5,1.7,6.1,4.48,1905.0,15925.31,83798.0,7.75,8.9,92.25
0.0,1.24,7.0,1.72,6.2,4.48,1905.0,15925.31,1731.0,42.32,35.24,57.68
0.0,1.35,8.27,1.75,6.1,4.48,1905.0,15925.31,1821.0,42.32,34.93,57.68
0.0,1.46,9.5,1.74,6.0,4.48,1905.0,15925.31,1852.0,42.94,34.22,57.06
0.0,1.59,10.71,1.71,6.0,4.48,1905.0,15925.31,1935.0,35.36,33.24,64.64
0.0,1.73,11.92,1.66,6.0,4.48,1905.0,15925.31,1906.0,42.63,33.02,57.37
0.0,53.95,31.4,1.32,12.4,4.48,59775.0,455534.59,51615.0,7.85,25.53,92.15
0.0,57.75,38.0,1.3,14.7,4.48,55511.0,444812.99,51464.0,8.77,25.46,91.23
0.0,60.61,42.32,1.27,14.7,4.48,56232.0,447051.99,54322.0,10.68,23.63,89.32
0.0,61.97,45.9,1.24,15.0,4.48,47605.0,434893.43,54959.0,11.89,23.49,88.11
0.0,65.23,49.58,1.2,14.5,4.48,44030.0,389836.84,61659.0,14.2,20.56,85.8
0.0,68.1,54.22,1.17,14.5,4.48,45546.0,373962.89,71463.0,11.25,18.29,88.75
0.0,69.56,29.03,1.64,5.0,4.51,37986.0,434592.95,90744.96,3.23,23.13,96.77
0.0,79.28,31.37,1.61,4.2,4.73,37320.0,430083.41,96192.52,2.98,21.98,97.02
1.0,87.92,35.14,1.58,4.1,4.64,33645.0,413085.83,97188.9,3.26,21.9,96.74
0.0,95.13,40.28,1.56,4.2,5.0,40514.0,376685.57,94623.59,3.58,22.08,96.42
0.0,101.73,45.59,1.53,3.8,5.25,26395.0,336520.32,88793.87,1.92,23.29,98.08
0.0,99.29,48.94,1.51,4.8,4.96,25645.0,329155.07,84768.77,2.03,24.7,97.97
0.0,21.42,15.9,0.44,7.0,3.49,47516.0,412226.39,84768.77,3.87,24.7,96.13
0.0,23.14,18.9,0.45,6.6,3.42,41757.0,385907.99,30755.0,4.15,29.29,95.85
0.0,23.81,20.32,0.46,6.1,3.33,41757.0,385907.99,30755.0,4.29,29.29,95.71
0.0,24.35,23.11,0.47,5.9,3.43,34259.0,361308.44,30755.0,4.23,29.29,95.77
0.0,25.05,24.76,0.49,7.0,3.45,34259.0,361308.44,30755.0,5.89,29.29,94.11
0.0,26.05,26.8,0.5,7.0,3.55,25389.0,332773.15,24967.46,7.88,29.69,92.12
1.0,16.3,6.0,4.52,5.8,3.55,25389.0,332773.15,3131.0,47.01,27.17,52.99
1.0,21.33,11.5,4.44,6.1,3.55,25389.0,332773.15,3111.0,44.7,27.91,55.3
0.0,22.39,13.94,4.36,6.1,3.55,25389.0,332773.15,3517.0,42.11,26.17,57.89
0.0,21.94,16.4,4.26,5.9,3.55,25389.0,332773.15,3517.0,42.11,26.17,57.89
1.0,21.74,18.86,4.13,5.9,3.55,25389.0,332773.15,3517.0,42.11,26.17,57.89
1.0,12.6,21.32,3.99,5.8,3.55,25389.0,332773.15,4021.0,43.2,23.23,56.8
0.0,2.12,0.61,1.85,6.6,3.55,25389.0,332773.15,7535.0,61.71,37.96,38.29
0.0,2.61,0.7,1.89,6.6,3.55,25389.0,332773.15,7704.0,59.42,40.46,40.58
0.0,2.61,0.8,1.89,6.6,3.55,25389.0,332773.15,8166.0,57.36,40.93,42.64
0.0,2.61,0.9,1.89,6.4,3.55,25389.0,332773.15,8680.0,59.35,45.67,40.65
0.0,2.61,0.99,1.89,6.4,3.55,25389.0,332773.15,8515.0,59.31,42.47,40.69
0.0,2.61,1.08,1.89,6.4,3.55,25389.0,332773.15,8346.0,60.86,43.34,39.14
0.0,29.93,0.75,2.64,5.2,4.5,25389.0,332773.15,252232.0,25.55,54.06,74.45
0.0,31.95,1.1,2.64,5.2,5.48,25389.0,332773.15,259636.0,21.58,55.07,78.42
0.0,43.31,2.9,2.63,5.9,5.57,25389.0,332773.15,259636.0,20.32,55.07,79.68
0.0,47.65,4.6,2.61,5.0,4.5,25389.0,332773.15,259636.0,20.32,55.07,79.68
0.0,55.61,7.7,2.58,5.0,4.5,25389.0,332773.15,259636.0,13.51,55.07,86.49
0.0,64.46,11.6,2.54,5.0,4.5,25389.0,332773.15,259636.0,13.83,55.07,86.17
0.0,3.14,20.0,0.93,8.9,4.5,25389.0,332773.15,259636.0,13.83,55.07,86.17
0.0,3.77,28.0,0.83,9.0,4.17,25389.0,332773.15,3296.0,0.96,30.76,99.04
0.0,3.97,33.74,0.75,9.0,4.17,25389.0,332773.15,3671.0,1.31,28.0,98.69
1.0,4.19,35.2,0.7,8.9,3.88,25389.0,332773.15,3671.0,2.96,28.0,97.04
0.0,4.47,37.4,0.69,8.9,3.88,25389.0,332773.15,3671.0,2.96,28.0,97.04
1.0,4.39,42.5,0.71,8.9,3.88,25389.0,332773.15,3671.0,1.97,28.0,98.03
1.0,2646.84,77.28,0.49,9.3,5.68,25389.0,332773.15,234098.0,0.74,17.77,99.26
0.0,2862.68,77.82,0.48,9.2,5.51,25389.0,332773.15,238141.0,0.96,17.52,99.04
1.0,2681.42,81.44,0.48,9.8,5.53,25389.0,332773.15,233262.0,1.07,17.82,98.93
1.0,2808.51,81.92,0.51,10.4,5.49,25389.0,332773.15,229471.0,0.66,18.18,99.34
0.0,2849.31,83.75,0.5,10.3,5.49,25389.0,332773.15,229471.0,0.56,18.18,99.44
0.0,2433.56,84.69,0.44,10.4,5.49,25389.0,332773.15,229471.0,0.56,18.18,99.44
0.0,14.36,13.0,3.31,20.4,3.08,25389.0,332773.15,229471.0,0.56,18.18,99.44
0.0,18.19,18.0,3.41,20.4,2.99,25389.0,332773.15,12961.0,0.56,24.53,99.44
0.0,17.17,24.0,3.46,20.2,3.01,37354.0,110383.96,12961.0,0.56,24.53,99.44
0.0,17.59,30.54,3.38,20.2,3.03,37354.0,110383.96,12961.0,0.56,24.53,99.44
0.0,18.18,38.07,3.17,20.1,2.67,37354.0,110383.96,12961.0,0.56,24.53,99.44
0.0,14.26,45.78,2.86,20.0,2.67,37354.0,110383.96,12961.0,0.56,24.53,99.44
0.0,32.17,7.8,2.51,4.2,5.54,698588.0,2839103.98,121304.0,0.56,24.53,99.44
0.0,39.57,9.0,2.46,4.0,8.14,698588.0,2839103.98,124359.0,16.15,31.04,83.85
0.0,41.94,10.6,2.4,4.1,7.92,698588.0,2839103.98,123153.0,17.81,32.98,82.19
0.0,47.81,15.0,2.35,5.2,6.1,698588.0,2839103.98,129599.0,13.17,31.68,86.83
0.0,38.62,25.52,2.31,5.1,6.18,698588.0,2839103.98,136878.0,10.69,30.08,89.31
0.0,37.54,31.45,2.27,5.1,6.18,698588.0,2839103.98,138928.0,9.11,31.26,90.89
0.0,41.34,10.5,2.17,3.7,2.8,698588.0,2839103.98,98763.0,1.31,26.87,98.69
0.0,47.65,12.3,2.15,4.1,2.92,698588.0,2839103.98,100600.0,3.35,26.29,96.65
0.0,50.39,16.0,2.13,2.9,2.96,198959.0,1403694.69,100081.0,6.25,25.54,93.75
0.0,53.85,19.7,2.11,3.0,2.84,259517.0,1570746.93,105618.0,8.76,23.66,91.24
0.0,58.72,23.4,2.08,2.9,2.94,186110.0,1281939.38,105188.0,11.04,22.98,88.96
0.0,63.77,28.81,2.04,2.4,2.96,186110.0,1281939.38,116719.0,11.95,20.41,88.05
0.0,6.86,1.0,2.23,6.3,3.69,1523693.0,2825855.14,34451.0,29.45,42.19,70.55
0.0,6.79,2.0,2.21,6.3,3.07,1523693.0,2825855.14,34861.0,25.61,44.08,74.39
0.0,7.39,3.1,2.21,6.3,2.47,1523693.0,2825855.14,36731.0,26.27,43.56,73.73
1.0,8.38,4.5,2.24,6.4,3.54,1523693.0,2825855.14,37687.0,25.41,44.21,74.59
1.0,8.79,6.4,2.3,6.4,3.21,1285028.0,3094111.69,37938.0,21.98,45.59,78.02
0.0,8.77,8.2,2.39,6.3,3.21,1285028.0,3094111.69,37938.0,21.98,45.59,78.02
0.0,0.85,2.45,2.5,6.2,1.87,1285028.0,3094111.69,5371.0,30.77,51.93,69.23
0.0,1.1,2.67,2.56,6.2,1.84,1285028.0,3094111.69,5371.0,30.77,51.93,69.23
0.0,0.99,2.89,2.6,6.1,1.99,1285028.0,3094111.69,5371.0,30.77,51.93,69.23
0.0,1.05,3.1,2.61,6.1,2.17,1285028.0,3094111.69,5371.0,30.77,51.93,69.23
0.0,1.06,3.32,2.6,6.0,2.17,141572.0,383931.47,5371.0,30.77,51.93,69.23
0.0,1.04,3.54,2.56,6.1,2.17,141572.0,383931.47,5371.0,30.77,51.93,69.23
0.0,2.27,29.9,0.12,10.8,3.66,141572.0,383931.47,4031.0,15.33,24.62,84.67
0.0,2.58,30.0,0.34,10.8,3.59,141572.0,383931.47,4012.0,14.02,24.59,85.98
0.0,2.86,30.5,0.53,11.0,3.19,141572.0,383931.47,4079.0,14.97,23.16,85.03
0.0,2.99,31.0,0.66,11.1,3.19,141572.0,383931.47,4079.0,14.97,23.16,85.03
0.0,3.08,32.0,0.7,11.5,3.19,5318.0,48469.75,4079.0,14.97,23.16,85.03
0.0,3.2,34.0,0.67,11.7,3.19,5318.0,48469.75,4079.0,14.97,23.16,85.03
0.0,6.62,8.37,1.48,14.5,3.19,5318.0,48469.75,4079.0,14.97,23.16,85.03
0.0,7.52,9.0,1.44,14.0,3.19,5318.0,48469.75,4079.0,14.97,23.16,85.03
0.0,7.89,9.8,1.41,14.1,3.19,5318.0,48469.75,4079.0,14.97,23.16,85.03
0.0,8.45,10.6,1.38,13.9,3.19,5318.0,48469.75,4079.0,14.97,23.16,85.03
0.0,8.78,11.4,1.34,14.0,3.19,5318.0,48469.75,4079.0,14.97,23.16,85.03
0.0,8.72,12.2,1.3,14.1,3.19,5318.0,48469.75,4079.0,14.97,23.16,85.03
1.0,15.84,11.09,1.97,4.8,3.19,78306.0,461142.37,4079.0,3.94,23.16,96.06
0.0,17.71,15.9,1.9,4.4,3.19,67176.0,458898.29,4079.0,2.49,23.16,97.51
1.0,18.53,18.12,1.83,3.9,3.19,84031.0,466749.55,4079.0,2.67,23.16,97.33
1.0,18.5,17.8,1.77,3.9,5.87,84069.0,473412.82,4079.0,5.37,23.16,94.63
1.0,19.76,19.08,1.73,5.5,5.87,74853.0,433052.23,84122.0,5.12,13.67,94.88
1.0,20.84,27.62,1.71,7.4,5.87,70008.0,418596.74,39599.0,6.41,29.15,93.59
0.0,2125.06,53.68,0.31,8.4,4.36,70008.0,418596.74,39599.0,0.75,29.15,99.25
0.0,2276.29,54.39,0.17,8.4,4.14,8217.0,176733.7,39599.0,1.01,29.15,98.99
0.0,2072.82,55.83,0.27,10.7,4.14,8217.0,176733.7,39599.0,0.68,29.15,99.32
0.0,2130.49,58.46,1.16,12.1,4.18,8217.0,176733.7,237735.0,0.54,12.03,99.46
0.0,2151.73,55.64,0.92,12.7,4.08,8217.0,176733.7,237214.0,0.72,12.07,99.28
0.0,1832.35,58.14,-0.1,11.9,4.08,8217.0,176733.7,237483.0,1.1,12.03,98.9
0.0,13.19,27.67,0.47,12.4,6.34,8217.0,176733.7,237483.0,1.1,12.03,98.9
0.0,14.44,37.44,0.44,12.7,6.28,8217.0,176733.7,12380.0,1.1,23.39,98.9
0.0,14.8,33.79,0.41,13.7,6.12,8217.0,176733.7,12409.0,1.1,22.86,98.9
0.0,14.27,37.1,0.38,15.2,6.27,8217.0,176733.7,12842.0,1.1,21.28,98.9
0.0,13.9,40.4,0.36,13.7,6.02,8217.0,176733.7,12055.0,1.1,22.08,98.9
0.0,14.19,42.22,0.34,13.5,5.46,8217.0,176733.7,11806.0,1.1,21.88,98.9
1.0,148.05,31.6,1.41,5.8,5.46,3284.0,17193.28,58957.0,0.35,16.25,99.65
1.0,192.63,50.6,1.43,5.4,5.46,3284.0,17193.28,60252.0,0.74,16.36,99.26
1.0,208.0,53.32,1.41,5.3,5.46,3284.0,17193.28,62285.0,0.58,16.19,99.42
1.0,236.63,63.0,1.44,5.2,5.46,3284.0,17193.28,64124.0,0.61,16.48,99.39
1.0,221.42,66.0,1.48,5.1,5.46,3284.0,17193.28,66578.0,0.51,16.86,99.49
1.0,184.39,72.9,1.46,5.0,2.79,3284.0,17193.28,73827.0,0.13,16.2,99.87
0.0,40.0,7.2,2.73,12.2,5.52,3284.0,17193.28,73827.0,0.13,16.2,99.87
0.0,41.95,8.8,2.71,12.1,5.33,3284.0,17193.28,73827.0,0.13,16.2,99.87
0.0,50.41,10.5,2.69,12.0,5.5,3284.0,17193.28,142345.0,13.79,56.57,86.21
0.0,55.1,13.0,2.67,11.9,5.41,3284.0,17193.28,142345.0,13.79,56.57,86.21
0.0,61.45,16.5,2.64,11.9,5.27,1183945.0,3593132.53,260197.0,13.79,31.35,86.21
0.0,63.77,21.0,2.6,11.9,5.27,1183945.0,3593132.53,266511.0,13.79,30.65,86.21
0.0,23.76,68.42,-2.08,19.5,5.08,1183945.0,3593132.53,9566.0,1.85,11.88,98.15
0.0,28.22,69.75,-1.82,16.2,4.95,446.0,1094.36,9959.0,1.84,11.41,98.16
0.0,28.12,73.12,-1.24,15.0,6.61,446.0,1094.36,10296.0,1.62,11.01,98.38
0.0,30.31,75.23,-1.07,11.9,6.99,446.0,1094.36,10221.0,1.53,11.16,98.47
0.0,31.42,75.83,-0.94,10.8,5.29,446.0,1094.36,10338.0,2.97,11.09,97.03
0.0,27.01,79.2,-0.82,9.9,5.29,446.0,1094.36,10537.0,3.25,11.13,96.75
0.0,38.42,43.68,3.61,6.2,1.63,446.0,1094.36,32649.0,6.64,14.14,93.36
0.0,40.08,52.0,5.63,6.1,1.65,446.0,1094.36,32112.0,6.67,14.23,93.33
0.0,43.87,61.25,6.91,6.2,2.19,446.0,1094.36,31816.0,9.8,14.34,90.2
0.0,46.01,70.5,7.06,6.2,2.57,446.0,1094.36,39149.0,11.11,12.05,88.89
0.0,47.83,73.0,6.02,6.2,2.57,446.0,1094.36,39017.0,16.26,12.33,83.74
0.0,49.46,74.0,4.33,6.2,2.57,446.0,1094.36,39017.0,16.48,12.33,83.52
0.0,2.39,3.86,1.05,28.0,2.57,446.0,1094.36,11508.0,20.97,33.77,79.03
0.0,2.79,7.0,1.15,26.6,2.57,446.0,1094.36,11378.0,19.39,33.88,80.61
0.0,2.68,10.0,1.24,25.3,2.57,446.0,1094.36,11200.0,17.98,34.08,82.02
0.0,2.53,15.0,1.3,24.4,2.57,446.0,1094.36,11324.0,19.94,32.63,80.06
0.0,2.61,22.0,1.33,24.7,2.57,64560.0,188664.24,11167.0,19.27,32.78,80.73
0.0,2.51,25.0,1.34,26.8,2.57,64560.0,188664.24,10930.0,19.27,33.09,80.73
0.0,1.29,2.3,3.52,3.7,2.57,64560.0,188664.24,10930.0,19.27,33.09,80.73
0.0,1.55,2.5,3.04,3.7,2.57,64560.0,188664.24,25137.0,59.08,26.83,40.92
1.0,1.74,2.6,2.7,3.7,2.76,64560.0,188664.24,25137.0,59.08,26.83,40.92
0.0,1.95,3.2,2.47,3.7,2.76,64560.0,188664.24,25137.0,59.08,26.83,40.92
0.0,2.01,5.41,2.41,3.6,2.76,64560.0,188664.24,25812.0,61.87,26.5,38.13
0.0,2.03,5.9,2.45,3.6,2.76,64560.0,188664.24,22479.0,62.39,30.45,37.61
0.0,74.77,14.0,0.78,17.1,2.76,64560.0,188664.24,22479.0,62.39,30.45,37.61
0.0,34.7,14.0,0.39,15.2,2.76,64560.0,188664.24,22479.0,62.39,30.45,37.61
0.0,34.7,14.0,0.08,19.0,2.76,64560.0,188664.24,22479.0,62.39,30.45,37.61
0.0,34.7,16.5,-0.04,18.8,2.76,64560.0,188664.24,22479.0,62.39,30.45,37.61
0.0,34.7,17.76,0.13,18.6,2.76,64560.0,188664.24,22479.0,62.39,30.45,37.61
0.0,34.7,19.02,0.5,18.5,2.76,64560.0,188664.24,22479.0,62.39,30.45,37.61
0.0,37.12,62.12,-2.1,17.8,5.3,64560.0,188664.24,9531.0,0.69,12.85,99.31
0.0,43.48,63.64,-2.26,15.4,5.12,633.0,3188.05,9312.0,1.85,12.41,98.15
0.0,42.85,67.23,-1.34,13.4,4.77,633.0,3188.05,8961.0,1.43,12.43,98.57
0.0,46.47,68.45,-1.01,11.8,4.61,633.0,3188.05,8642.0,0.27,12.62,99.73
0.0,48.55,72.13,-0.86,10.7,4.61,633.0,3188.05,8441.0,0.53,12.81,99.47
0.0,41.4,71.38,-0.94,9.1,4.61,633.0,3188.05,8401.0,0.61,12.86,99.39
1.0,8.73,1.7,2.79,3.8,4.61,633.0,3188.05,105673.0,0.61,40.14,99.39
1.0,9.89,1.9,2.76,2.7,2.79,633.0,3188.05,99551.0,0.61,43.24,99.39
1.0,9.92,2.3,2.73,1.3,2.73,1046177.0,2200968.56,102229.0,0.61,43.07,99.39
1.0,10.6,3.0,2.71,1.3,2.08,1046177.0,2200968.56,112734.0,0.61,39.77,99.39
1.0,10.67,3.7,2.7,1.4,2.08,1046177.0,2200968.56,110528.0,0.61,41.72,99.39
1.0,9.74,4.17,2.69,1.8,2.08,1046177.0,2200968.56,115640.0,0.61,41.19,99.39
0.0,6.96,2.26,3.03,6.5,3.54,863609.0,1803695.52,43110.0,0.61,79.27,99.39
0.0,8.0,3.33,2.99,6.5,4.14,863609.0,1803695.52,46852.0,0.61,76.07,99.39
0.0,6.03,4.35,2.96,6.4,4.14,863609.0,1803695.52,49775.0,0.61,74.09,99.39
0.0,5.52,5.05,2.94,6.4,5.42,863609.0,1803695.52,57148.0,0.61,69.15,99.39
0.0,6.05,5.83,2.92,6.4,4.84,827365.0,1882067.87,56336.0,0.61,72.72,99.39
0.0,6.37,9.3,2.91,6.4,5.61,960158.0,2136773.56,60488.0,0.61,69.51,99.39
0.0,255.02,56.3,1.82,3.4,4.97,89979.0,727965.31,256615.0,3.43,12.6,96.57
1.0,297.95,61.0,1.84,3.1,5.76,89979.0,727965.31,262707.0,3.28,12.32,96.72
1.0,314.44,65.8,1.85,3.0,5.74,89979.0,727965.31,270069.0,2.29,12.0,97.71
0.0,323.28,57.06,1.82,3.1,5.47,89979.0,727965.31,274348.0,1.18,11.83,98.82
0.0,338.06,63.67,1.74,2.9,5.2,89979.0,727965.31,278496.0,1.63,11.41,98.37
1.0,296.43,71.06,1.62,3.1,4.97,89979.0,727965.31,269757.0,1.91,11.52,98.09
0.0,10.0,28.33,0.24,7.7,3.55,89979.0,727965.31,5472.0,3.49,21.46,96.51
0.0,11.52,34.95,0.16,7.9,3.33,3769.0,66335.32,5701.0,3.26,20.36,96.74
0.0,11.67,35.42,0.28,8.7,3.41,3769.0,66335.32,5427.0,6.05,20.94,93.95
0.0,12.13,40.12,0.22,7.6,3.62,3769.0,66335.32,5512.0,3.66,19.79,96.34
0.0,12.8,44.8,0.18,7.7,4.92,3769.0,66335.32,5629.0,3.45,18.73,96.55
0.0,11.69,50.14,0.13,7.9,4.89,3769.0,66335.32,5400.0,3.71,18.82,96.29
0.0,7.19,10.2,1.65,6.5,4.64,9066.0,19840.93,9060.0,2.36,30.24,97.64
0.0,10.41,12.5,1.79,7.7,4.6,9066.0,19840.93,9059.0,1.96,29.32,98.04
0.0,12.29,16.4,1.89,8.2,4.6,9066.0,19840.93,8916.0,2.42,28.78,97.58
0.0,12.58,17.7,1.93,7.9,4.6,9066.0,19840.93,8895.0,4.71,27.59,95.29
0.0,12.23,19.94,1.89,7.9,4.6,9066.0,19840.93,8795.0,4.38,27.21,95.62
0.0,11.75,21.44,1.8,7.4,4.6,9066.0,19840.93,8901.0,2.69,28.22,97.31
0.0,4.14,37.5,0.18,19.7,4.6,9066.0,19840.93,8901.0,2.69,28.22,97.31
0.0,4.54,35.61,0.11,19.7,4.6,673.0,2305.88,8901.0,8.07,28.22,91.93
0.0,4.09,56.84,0.08,19.6,4.6,673.0,2305.88,8901.0,5.76,28.22,94.24
0.0,4.46,60.31,0.1,19.5,4.6,673.0,2305.88,8901.0,5.76,28.22,94.24
0.0,4.59,61.0,0.1,18.0,4.6,673.0,2305.88,8901.0,5.76,28.22,94.24
0.0,4.05,68.12,0.06,17.5,4.6,673.0,2305.88,8901.0,6.31,28.22,93.69
0.0,93.22,52.0,1.3,9.1,4.6,673.0,2305.88,150367.0,5.08,26.24,94.92
0.0,101.37,46.11,1.38,8.9,4.6,1152555.0,6182171.04,151477.0,2.66,26.42,97.34
0.0,98.27,55.42,1.44,9.0,4.6,543522.0,5256966.31,155481.0,2.14,25.84,97.86
0.0,106.83,56.0,1.46,9.2,4.6,543522.0,5256966.31,154754.0,1.12,25.98,98.88
0.0,110.08,56.8,1.45,9.9,4.6,543522.0,5256966.31,157019.0,1.08,25.67,98.92
0.0,101.19,57.08,1.4,9.7,4.6,543522.0,5256966.31,156072.0,1.08,25.88,98.92
0.0,10.15,4.17,2.92,23.5,4.6,543522.0,5256966.31,90236.0,12.95,58.49,87.05
0.0,13.13,4.3,2.92,23.3,4.6,543522.0,5256966.31,94798.0,14.86,55.42,85.14
0.0,14.53,6.0,2.91,22.6,6.08,543522.0,5256966.31,97717.0,14.45,54.84,85.55
0.0,16.02,7.29,2.91,23.3,6.48,543522.0,5256966.31,101372.0,13.23,54.92,86.77
0.0,16.96,9.24,2.9,25.3,6.48,543522.0,5256966.31,104051.0,12.44,54.83,87.56
0.0,14.8,16.93,2.89,25.3,6.48,543522.0,5256966.31,107976.0,10.87,54.66,89.13
0.0,49.54,0.25,0.71,0.8,6.48,543522.0,5256966.31,181666.0,12.25,28.22,87.75
0.0,59.98,0.98,0.79,0.8,6.48,543522.0,5256966.31,181666.0,12.25,28.22,87.75
0.0,59.94,4.0,0.85,0.8,6.48,543522.0,5256966.31,181666.0,12.25,28.22,87.75
0.0,60.27,8.0,0.9,0.8,6.48,543522.0,5256966.31,181666.0,12.25,28.22,87.75
0.0,65.45,11.52,0.92,0.8,6.48,543522.0,5256966.31,187828.0,5.47,27.56,94.53
0.0,59.69,21.73,0.92,0.8,6.48,543522.0,5256966.31,187828.0,5.47,27.56,94.53
0.0,11.28,11.6,1.68,19.5,8.35,543522.0,5256966.31,13652.0,13.23,29.78,86.77
0.0,12.41,12.0,1.93,20.2,8.35,26903.0,89202.02,13652.0,13.23,29.78,86.77
0.0,13.02,12.94,2.16,20.0,8.35,26903.0,89202.02,13652.0,11.41,29.78,88.59
0.0,12.72,13.9,2.3,19.2,8.35,26903.0,89202.02,13652.0,9.34,29.78,90.66
0.0,12.79,14.84,2.32,18.4,8.35,26903.0,89202.02,13652.0,9.34,29.78,90.66
0.0,11.57,25.69,2.28,19.6,8.35,26903.0,89202.02,13652.0,9.34,29.78,90.66
0.0,16.0,7.93,1.05,2.5,3.63,26903.0,89202.02,153536.0,9.34,31.92,90.66
0.0,18.91,9.0,1.12,3.2,3.85,823462.0,5030710.05,167216.0,1.36,29.61,98.64
0.0,18.85,11.15,1.17,2.4,3.75,823462.0,5030710.05,173714.0,0.42,27.53,99.58
0.0,19.27,13.3,1.21,3.3,3.47,823462.0,5030710.05,178534.0,0.42,25.63,99.58
0.0,20.0,15.44,1.2,3.0,3.98,823462.0,5030710.05,183922.0,5.34,23.93,94.66
0.0,21.41,17.58,1.17,3.2,3.71,823462.0,5030710.05,187684.0,2.87,23.1,97.13
0.0,836.39,90.72,0.51,4.4,5.55,823462.0,5030710.05,187684.0,0.12,23.1,99.88
0.0,893.76,91.42,0.47,5.0,5.53,823462.0,5030710.05,111752.0,0.09,11.56,99.91
0.0,828.95,92.86,0.37,5.8,5.48,823462.0,5030710.05,111039.0,0.15,11.5,99.85
0.0,866.68,93.96,0.29,7.2,5.59,823462.0,5030710.05,107656.0,0.15,11.66,99.85
0.0,879.64,91.67,0.36,7.4,5.53,823462.0,5030710.05,104815.47,0.15,11.67,99.85
0.0,758.0,91.72,0.44,6.9,5.53,823462.0,5030710.05,103930.12,1.36,11.62,98.64
0.0,146.58,80.46,1.11,6.1,7.01,823462.0,5030710.05,24053.0,0.53,14.49,99.47
0.0,168.46,81.23,0.76,6.0,6.95,823462.0,5030710.05,23872.0,0.95,14.55,99.05
0.0,176.19,81.64,0.55,6.4,7.16,823462.0,5030710.05,23829.0,1.58,14.59,98.42
0.0,190.52,82.78,0.77,5.8,6.69,823462.0,5030710.05,23829.0,1.65,14.59,98.35
0.0,200.7,85.5,1.51,5.4,6.34,823462.0,5030710.05,25071.83,1.51,14.37,98.49
0.0,175.56,88.22,1.89,5.4,6.37,823462.0,5030710.05,25071.83,0.85,14.37,99.15
0.0,8.76,10.0,1.25,8.0,4.49,823462.0,5030710.05,30571.0,1.59,30.22,98.41
0.0,9.77,10.6,1.21,7.4,4.49,823462.0,5030710.05,30571.0,1.59,30.22,98.41
0.0,10.53,13.5,1.19,6.7,4.49,823462.0,5030710.05,30571.0,1.59,30.22,98.41
0.0,10.98,15.5,1.16,5.3,4.49,823462.0,5030710.05,30571.0,1.59,30.22,98.41
0.0,11.88,17.6,1.14,5.9,4.49,823462.0,5030710.05,30571.0,1.59,30.22,98.41
0.0,12.75,19.7,1.12,5.8,4.49,823462.0,5030710.05,30571.0,1.59,30.22,98.41
1.0,5.72,0.83,3.79,2.4,3.74,823462.0,5030710.05,44710.0,44.25,38.61,55.75
0.0,6.41,1.3,3.82,2.4,4.21,823462.0,5030710.05,48976.0,39.44,39.0,60.56
0.0,6.94,1.41,3.83,2.5,4.33,2332170.0,4493518.04,52913.0,37.94,38.76,62.06
0.0,7.67,1.7,3.84,2.4,4.92,2332170.0,4493518.04,59653.0,38.22,36.31,61.78
1.0,8.23,1.95,3.84,2.5,6.71,2332170.0,4493518.04,63688.0,38.24,35.75,61.76
0.0,7.22,2.48,3.84,2.4,6.71,2332170.0,4493518.04,66750.0,36.72,36.63,63.28
0.0,369.06,11.5,2.67,7.3,6.71,2332170.0,4493518.04,574078.0,34.33,37.55,65.67
0.0,411.74,13.8,2.67,7.3,6.71,2332170.0,4493518.04,574078.0,34.33,37.55,65.67
0.0,460.95,16.1,2.68,7.6,6.71,2332170.0,4493518.04,574078.0,34.33,37.55,65.67
0.0,514.97,19.1,2.67,7.1,6.71,2332170.0,4493518.04,574078.0,34.33,37.55,65.67
0.0,568.5,21.0,2.66,4.8,6.71,2332170.0,4493518.04,574078.0,34.33,37.55,65.67
0.0,481.07,24.5,2.64,4.3,6.71,2332170.0,4493518.04,574078.0,34.33,37.55,65.67
0.0,58.64,35.83,5.35,18.4,6.71,13872.0,205729.06,574078.0,34.33,37.55,65.67
0.0,67.94,48.0,6.24,18.2,6.71,13872.0,205729.06,574078.0,3.0,37.55,97.0
0.0,76.69,60.0,6.79,18.0,6.71,13872.0,205729.06,574078.0,2.26,37.55,97.74
0.0,78.94,66.45,6.88,17.3,4.96,13872.0,205729.06,574078.0,1.91,37.55,98.09
0.0,81.03,70.22,6.5,16.7,4.96,6934.0,199848.76,574078.0,2.12,37.55,97.88
0.0,69.83,66.13,5.86,16.1,4.96,6100.0,160497.14,574078.0,1.96,37.55,98.04
1.0,177.41,8.0,2.08,5.6,2.29,10321523.0,33351591.32,463674.0,25.32,40.45,74.68
1.0,213.59,9.0,2.1,6.0,2.22,10579691.0,34762465.68,453164.0,28.26,39.83,71.74
1.0,224.38,9.96,2.12,6.0,2.13,10046848.0,34607113.43,438161.0,28.7,41.35,71.3
1.0,231.22,10.9,2.11,6.2,2.5,10508451.0,36597612.07,426575.0,29.94,42.55,70.06
1.0,244.36,12.0,2.09,5.6,2.46,10144725.0,36904584.51,417675.0,27.02,46.52,72.98
1.0,270.56,14.0,2.05,5.9,2.65,10144725.0,36904584.51,428281.0,26.15,46.34,73.85
1.0,14.25,1.28,2.29,2.5,2.65,10144725.0,36904584.51,428281.0,26.15,46.34,73.85
1.0,17.98,2.0,2.24,2.6,2.65,10144725.0,36904584.51,428281.0,26.15,46.34,73.85
1.0,21.3,3.5,2.2,2.6,2.65,10144725.0,36904584.51,31586.0,12.84,45.17,87.16
1.0,21.26,5.1,2.16,2.6,2.65,10144725.0,36904584.51,31586.0,12.84,45.17,87.16
1.0,23.0,6.5,2.12,2.6,2.65,10144725.0,36904584.51,31586.0,12.84,45.17,87.16
1.0,21.06,7.9,2.09,2.6,2.65,10144725.0,36904584.51,31586.0,12.84,45.17,87.16
0.0,20.03,19.8,1.33,5.7,3.77,17861.0,145722.34,31586.0,10.34,45.17,89.66
0.0,25.1,24.76,1.34,5.5,4.98,17861.0,145722.34,31586.0,10.31,45.17,89.69
0.0,24.6,29.34,1.35,4.8,4.96,17861.0,145722.34,34694.0,10.8,24.16,89.2
0.0,28.97,36.9,1.35,5.0,4.96,17861.0,145722.34,34694.0,10.8,24.16,89.2
0.0,30.88,43.0,1.33,6.0,4.96,17397.0,138218.16,34694.0,10.8,24.16,89.2
0.0,27.28,48.44,1.31,5.3,4.96,22386.0,114694.82,34694.0,10.8,24.16,89.2
0.0,147.53,34.77,1.28,4.0,2.87,22386.0,114694.82,191177.0,1.12,19.68,98.88
0.0,171.76,36.01,1.31,3.9,2.66,22386.0,114694.82,187654.0,1.42,19.56,98.58
0.0,192.65,38.2,1.33,3.6,2.92,73234.0,804629.24,181292.0,6.94,19.19,93.06
1.0,201.22,39.2,1.34,4.0,3.29,73234.0,804629.24,196036.0,4.22,18.08,95.78
0.0,201.05,40.2,1.32,6.0,3.69,57264.0,849496.24,197928.0,4.69,17.66,95.31
0.0,189.21,40.9,1.29,6.4,3.98,55227.0,795239.9,195444.0,2.11,17.98,97.89
1.0,199.59,25.0,1.62,7.4,3.98,55227.0,795239.9,195444.0,2.11,17.98,97.89
1.0,224.14,29.0,1.64,7.0,3.98,55227.0,795239.9,195444.0,2.11,17.98,97.89
1.0,250.09,36.24,1.65,7.0,3.98,55227.0,795239.9,195444.0,2.11,17.98,97.89
1.0,271.84,48.1,1.65,7.1,3.98,363682.0,1576812.49,461244.0,3.25,31.35,96.75
1.0,284.58,49.6,1.63,6.6,3.98,363682.0,1576812.49,461244.0,3.25,31.35,96.75
1.0,292.77,53.7,1.6,6.3,3.98,363682.0,1576812.49,461244.0,3.25,31.35,96.75
0.0,168.0,39.93,-0.59,7.0,3.46,363682.0,1576812.49,52272.0,6.44,16.11,93.56
0.0,185.36,40.01,-0.49,7.2,3.03,24414.0,107878.84,47560.0,7.3,17.37,92.7
0.0,171.66,45.88,-0.45,6.8,2.95,24414.0,107878.84,45959.0,8.53,17.56,91.47
0.0,191.55,49.76,-0.37,7.1,2.95,24414.0,107878.84,50626.0,8.53,17.56,91.47
0.0,199.49,54.08,-0.37,6.8,3.13,24414.0,107878.84,50857.0,8.53,17.56,91.47
0.0,177.91,55.76,-0.47,6.8,3.13,24414.0,107878.84,50098.0,9.86,18.91,90.14
0.0,5.77,8.0,2.66,2.6,4.95,492839.0,1311874.47,35583.0,1.49,64.62,98.51
0.0,6.49,7.0,2.59,2.9,4.72,492839.0,1311874.47,40299.0,1.49,58.09,98.51
0.0,7.32,8.02,2.56,3.4,4.75,383524.0,1364703.07,40397.0,1.49,59.28,98.51
0.0,7.62,9.0,2.53,3.4,5.02,383524.0,1364703.07,40159.0,3.88,59.82,96.12
0.0,8.02,10.6,2.5,3.4,5.02,383524.0,1364703.07,41193.0,3.33,58.25,96.67
0.0,8.26,18.0,2.47,3.4,3.8,383524.0,1364703.07,42005.0,4.9,58.34,95.1
0.0,12.95,8.0,2.87,9.2,6.5,383524.0,1364703.07,50369.0,29.78,33.65,70.22
0.0,14.39,9.8,2.93,10.4,6.08,910641.0,2269128.02,52394.0,29.5,32.94,70.5
0.0,14.23,10.8,2.98,10.4,5.94,910641.0,2269128.02,56284.0,26.79,31.68,73.21
0.0,14.85,13.1,3.0,10.4,7.27,1246260.0,2957458.39,57232.0,27.96,32.25,72.04
0.0,15.3,17.7,2.97,10.4,7.4,1246260.0,2957458.39,59780.0,27.16,31.59,72.84
0.0,13.64,21.69,2.92,10.4,7.4,1246260.0,2957458.39,61620.0,27.01,32.09,72.99
1.0,39.46,40.9,-0.4,19.2,4.58,1246260.0,2957458.39,17314.0,5.46,16.35,94.54
0.0,46.47,42.2,-0.79,23.0,4.49,8184.0,36039.83,18648.0,2.88,15.48,97.12
0.0,40.74,48.1,-0.49,23.9,4.43,8184.0,36039.83,18511.0,3.84,15.63,96.16
0.0,45.52,53.45,-0.49,22.1,4.43,8184.0,36039.83,19014.0,3.66,15.16,96.34
0.0,44.21,62.08,-0.47,18.9,4.18,8184.0,36039.83,18126.0,1.41,15.71,98.59
1.0,37.16,65.32,-0.49,17.7,4.18,8184.0,36039.83,18318.0,0.79,15.24,99.21
0.0,2.62,0.58,2.33,3.0,2.55,8184.0,36039.83,18318.0,0.79,15.24,99.21
0.0,2.94,0.9,2.34,3.3,2.67,8184.0,36039.83,38125.0,0.79,31.33,99.21
1.0,3.8,2.5,2.31,3.1,2.87,8184.0,36039.83,37957.0,0.68,32.99,99.32
0.0,4.92,4.0,2.28,2.9,2.38,521454.0,1607369.73,37317.0,0.68,34.83,99.32
0.0,5.02,6.06,2.24,2.8,2.66,521454.0,1607369.73,37317.0,0.68,34.83,99.32
0.0,4.25,6.34,2.21,2.5,2.66,521454.0,1607369.73,73970.0,0.62,18.39,99.38
0.0,236.42,71.0,1.77,3.1,3.11,1705.0,59429.51,73970.0,0.62,18.39,99.38
0.0,275.6,71.0,2.08,2.9,3.08,790.0,40256.34,73970.0,0.62,18.39,99.38
0.0,289.16,72.0,2.45,2.8,3.12,749.0,79596.89,73970.0,0.62,18.39,99.38
0.0,302.51,80.9,1.62,2.8,2.92,735.0,76734.33,73970.0,0.62,18.39,99.38
0.0,308.14,79.03,1.3,2.8,2.92,730.0,73620.67,73970.0,0.62,18.39,99.38
0.0,296.84,79.01,1.19,1.7,2.92,1583.0,41160.98,73970.0,0.62,18.39,99.38
0.0,296.84,79.01,2.91,6.1,2.92,1583.0,41160.98,73970.0,0.62,18.39,99.38
0.0,296.84,1.25,2.87,6.1,2.92,1583.0,41160.98,73970.0,0.62,18.39,99.38
0.0,296.84,1.38,2.85,6.2,2.92,1583.0,41160.98,73970.0,0.62,18.39,99.38
0.0,5.35,1.5,2.85,6.2,2.92,1583.0,41160.98,73970.0,0.62,18.39,99.38
0.0,5.65,1.63,2.86,6.2,2.92,1583.0,41160.98,73970.0,0.62,18.39,99.38
0.0,5.92,1.76,2.88,6.2,2.92,1583.0,41160.98,73970.0,0.62,18.39,99.38
0.0,375.3,24.0,1.43,24.7,5.72,143846.0,1567100.5,214880.0,0.62,32.69,99.38
0.0,416.88,33.97,1.46,24.6,5.96,129011.0,1517752.53,213440.0,0.62,32.6,99.38
0.0,396.33,41.0,1.49,24.7,6.38,119822.0,1363169.02,212657.0,0.62,32.94,99.38
0.0,366.81,46.5,1.52,24.6,6.02,119822.0,1363169.02,220544.0,0.62,32.03,99.38
0.0,351.12,49.0,1.55,24.9,6.03,119352.0,1280564.53,214170.0,0.62,33.6,99.38
0.0,317.61,51.92,1.59,25.2,6.03,111600.0,1245100.51,214170.0,0.62,33.6,99.38
1.0,15.73,51.92,4.32,25.2,6.03,111600.0,1245100.51,214170.0,0.62,33.6,99.38
0.0,18.83,51.92,4.33,25.2,0.81,111600.0,1245100.51,29073.0,59.35,49.9,40.65
1.0,10.37,51.92,4.3,25.2,0.81,111600.0,1245100.51,29073.0,59.35,49.9,40.65
0.0,11.8,51.92,4.14,25.2,1.18,111600.0,1245100.51,29073.0,59.35,49.9,40.65
0.0,11.8,51.92,4.14,25.2,1.71,111600.0,1245100.51,29073.0,59.35,49.9,40.65
1.0,11.8,51.92,4.14,25.2,1.54,111600.0,1245100.51,27248.0,69.02,46.75,30.98
0.0,1431.62,65.8,0.46,19.9,4.82,19055.0,285752.19,219409.0,0.39,12.4,99.61
0.0,1488.07,67.09,0.36,21.4,4.87,13796.0,287793.17,223644.0,0.32,12.4,99.68
0.0,1336.02,69.81,0.06,24.8,4.43,14701.0,268179.38,223517.0,0.33,12.6,99.67
0.0,1361.85,71.64,-0.33,26.1,4.31,14595.0,233603.53,220323.0,0.49,13.32,99.51
0.0,1376.91,76.19,-0.3,24.4,4.27,12079.0,232159.02,226066.0,1.01,13.1,98.99
0.0,1197.79,78.69,-0.07,22.1,4.27,14891.0,220498.73,228299.0,0.5,13.19,99.5
0.0,56.73,12.0,0.75,4.9,1.72,59744.0,889122.61,71957.0,4.96,23.91,95.04
0.0,65.29,15.0,0.75,4.2,1.81,59744.0,889122.61,72114.0,4.81,24.07,95.19
0.0,68.43,18.29,0.76,4.0,1.5,59744.0,889122.61,71721.0,4.63,24.43,95.37
0.0,74.32,21.9,0.78,4.4,1.62,59744.0,889122.61,74415.0,3.49,23.75,96.51
0.0,79.36,25.8,0.9,4.4,1.93,59744.0,889122.61,75143.0,2.67,23.66,97.33
0.0,80.61,29.99,0.93,4.7,2.18,59744.0,889122.61,76803.0,0.92,23.15,99.08
0.0,65.63,16.7,2.16,13.0,2.18,59744.0,889122.61,76803.0,0.92,23.15,99.08
0.0,67.33,17.46,2.25,12.9,2.18,59744.0,889122.61,76803.0,42.72,23.15,57.28
0.0,68.13,21.0,2.31,12.9,2.18,59744.0,889122.61,76803.0,45.25,23.15,54.75
0.0,72.07,22.7,2.36,13.0,2.18,59744.0,889122.61,76803.0,45.25,23.15,54.75
0.0,82.15,24.64,2.38,13.0,2.18,59744.0,889122.61,76803.0,45.25,23.15,54.75
0.0,97.16,26.61,2.38,13.0,2.18,59744.0,889122.61,76803.0,45.25,23.15,54.75
0.0,4.37,31.59,1.05,7.6,2.18,1456.0,10589.51,4749.0,6.71,14.95,93.29
0.0,4.42,32.0,1.04,6.9,2.18,1456.0,10589.51,4880.0,8.02,14.31,91.98
0.0,4.98,34.68,1.03,6.3,2.18,2083.0,16369.57,5019.0,7.03,13.99,92.97
0.0,5.15,37.4,1.01,4.8,2.18,2083.0,16369.57,5114.0,7.08,13.74,92.92
0.0,5.24,40.08,0.99,6.9,2.18,2083.0,16369.57,5263.0,7.28,13.39,92.72
0.0,4.83,42.76,0.96,7.3,2.18,2083.0,16369.57,5014.0,5.34,14.34,94.66
0.0,583.78,83.9,1.04,4.5,4.95,2083.0,16369.57,5014.0,0.89,14.34,99.11
0.0,699.58,85.19,1.11,4.0,5.0,2083.0,16369.57,5014.0,0.74,14.34,99.26
0.0,668.04,85.2,1.06,4.2,5.05,2083.0,16369.57,44956.0,0.77,10.75,99.23
0.0,688.5,86.34,1.15,4.4,5.07,2083.0,16369.57,46306.0,0.36,10.45,99.64
0.0,709.18,87.4,1.22,4.5,5.1,2083.0,16369.57,47889.0,0.36,10.1,99.64
0.0,679.29,87.48,1.14,4.5,5.1,2083.0,16369.57,47889.0,0.38,10.1,99.62
0.0,679.29,20.7,0.93,8.4,5.1,2083.0,16369.57,47889.0,0.38,10.1,99.62
0.0,679.29,22.5,-0.74,14.9,5.1,2083.0,16369.57,47889.0,0.38,10.1,99.62
0.0,679.29,24.3,-2.15,14.5,5.1,2083.0,16369.57,47889.0,0.38,10.1,99.62
0.0,679.29,26.2,-3.04,14.4,5.1,2083.0,16369.57,47889.0,29.13,10.1,70.87
0.0,679.29,28.09,-3.11,14.5,5.1,2083.0,16369.57,47889.0,29.13,10.1,70.87
0.0,679.29,29.98,-2.47,14.6,5.1,2083.0,16369.57,47889.0,29.13,10.1,70.87
1.0,5.64,11.55,2.23,11.5,4.01,2083.0,16369.57,27087.0,1.89,25.18,98.11
1.0,6.52,13.03,2.26,11.2,3.94,2083.0,16369.57,28730.0,1.93,23.27,98.07
1.0,7.63,14.51,2.27,10.9,4.02,2083.0,16369.57,28799.0,1.67,23.0,98.33
1.0,8.51,16.0,2.26,10.9,4.02,2083.0,16369.57,29300.0,2.0,22.69,98.0
1.0,9.24,17.49,2.24,10.8,4.02,2083.0,16369.57,29627.0,2.78,22.36,97.22
0.0,7.85,18.98,2.2,10.8,5.23,2083.0,16369.57,30649.0,1.89,22.29,98.11
0.0,341.11,22.4,0.49,1.0,3.51,322530.0,1195216.7,316552.0,1.89,16.26,98.11
0.0,370.82,23.67,0.48,0.7,4.81,322530.0,1195216.7,319568.0,1.89,15.78,98.11
0.0,397.56,26.46,0.46,0.6,4.56,322530.0,1195216.7,307446.0,1.89,16.28,98.11
0.0,420.53,28.94,0.44,0.8,4.13,154867.0,1889323.48,307446.0,1.89,16.28,98.11
0.0,406.52,34.89,0.4,0.8,4.13,154867.0,1889323.48,336676.0,7.61,15.39,92.39
0.0,399.23,39.32,0.35,1.0,4.13,166056.0,2063055.62,300968.0,9.19,16.88,90.81
0.0,0.89,3.0,1.6,3.0,10.39,43497.0,172075.93,7622.0,3.66,30.2,96.34
1.0,1.05,4.0,1.96,3.1,9.26,43497.0,172075.93,7714.0,1.08,31.35,98.92
0.0,1.19,7.0,2.21,3.2,6.43,43497.0,172075.93,7714.0,2.71,31.35,97.29
0.0,1.41,11.0,2.36,3.2,6.03,43497.0,172075.93,7714.0,1.96,31.35,98.04
0.0,1.45,17.5,2.37,3.3,7.78,43497.0,172075.93,7714.0,2.15,31.35,97.85
1.0,1.61,23.0,2.3,3.3,7.78,43497.0,172075.93,7714.0,2.98,31.35,97.02
0.0,3.17,3.0,2.69,6.3,4.43,43497.0,172075.93,31712.0,2.98,40.57,97.02
0.0,3.76,3.5,2.68,6.3,4.44,265311.0,1022364.35,31743.0,2.98,40.95,97.02
0.0,3.87,4.0,2.66,6.3,4.74,265311.0,1022364.35,32825.0,2.98,41.68,97.02
0.0,4.08,4.5,2.64,6.2,4.67,265311.0,1022364.35,34375.0,2.98,41.09,97.02
0.0,4.48,5.7,2.61,6.2,4.87,265311.0,1022364.35,34354.0,6.97,41.14,93.03
0.0,4.09,7.12,2.57,6.2,5.22,227522.0,1048256.72,33891.0,2.54,41.71,97.46
0.0,22.16,48.5,0.49,5.9,5.22,227522.0,1048256.72,33891.0,1.27,41.71,98.73
0.0,25.43,55.2,0.5,4.7,5.22,227522.0,1048256.72,33891.0,1.27,41.71,98.73
0.0,25.69,59.52,0.51,5.0,5.22,227522.0,1048256.72,33891.0,1.27,41.71,98.73
0.0,26.44,63.8,0.5,4.4,5.22,227522.0,1048256.72,33891.0,1.27,41.71,98.73
0.0,26.18,65.1,0.46,3.3,5.22,227522.0,1048256.72,33891.0,1.27,41.71,98.73
0.0,23.56,69.2,0.41,3.4,5.22,227522.0,1048256.72,33891.0,1.27,41.71,98.73
1.0,44.05,36.8,1.12,13.0,6.25,56452.0,1067176.65,60186.0,0.37,17.12,99.63
0.0,45.81,39.1,1.14,18.3,6.25,52811.0,1062606.08,59242.0,0.37,17.35,99.63
0.0,45.04,41.44,1.16,17.6,6.25,59658.0,1044217.74,61031.0,0.11,17.15,99.89
0.0,46.25,43.8,1.17,15.9,6.25,59658.0,1044217.74,61002.0,0.39,17.43,99.61
0.0,47.59,46.16,1.17,15.1,6.25,68177.0,1128590.63,65835.0,0.39,16.54,99.61
0.0,43.16,48.52,1.16,15.2,6.25,68177.0,1128590.63,70577.0,0.39,15.8,99.61
0.0,20.19,12.5,3.43,3.1,2.39,829925.0,3066774.16,172403.0,9.68,48.58,90.32
0.0,20.18,13.01,3.42,3.4,3.03,829925.0,3066774.16,169503.0,6.83,47.78,93.17
0.0,23.13,14.1,3.4,1.5,2.45,1162028.0,3597891.97,170652.0,6.83,48.8,93.17
0.0,24.6,15.5,3.38,1.9,2.17,1162028.0,3597891.97,185548.0,6.2,45.59,93.8
0.0,27.3,16.9,3.35,1.9,2.21,1162028.0,3597891.97,191217.0,6.2,45.59,93.8
0.0,27.06,17.83,3.32,1.9,2.21,1162028.0,3597891.97,192566.0,6.2,45.59,93.8
0.0,136.01,23.3,-0.4,8.1,2.21,1162028.0,3597891.97,98371.0,5.59,15.66,94.41
0.0,163.16,28.71,-0.36,7.9,6.16,1162028.0,3597891.97,98740.0,1.49,15.83,98.51
0.0,175.78,35.27,-0.25,7.5,6.71,1744.0,4869.93,98491.0,0.92,16.09,99.08
0.0,183.31,40.95,-0.23,7.2,6.65,1744.0,4869.93,99376.0,0.98,16.49,99.02
0.0,133.5,46.24,-0.48,9.3,5.86,1744.0,4869.93,99741.0,3.48,16.89,96.52
0.0,91.03,48.88,-0.26,9.1,5.86,1744.0,4869.93,99741.0,3.48,16.89,96.52
1.0,39.33,15.9,2.82,9.1,5.86,1744.0,4869.93,110962.0,5.35,17.76,94.65
1.0,45.92,18.6,2.68,9.1,5.86,1744.0,4869.93,124685.0,5.03,15.62,94.97
1.0,51.82,23.6,1.47,9.0,5.86,1744.0,4869.93,130630.0,3.89,14.97,96.11
1.0,57.69,26.8,1.56,9.0,5.86,1744.0,4869.93,126651.0,3.08,15.64,96.92
1.0,63.07,35.5,1.69,8.9,5.86,1744.0,4869.93,112240.0,3.26,18.12,96.74
1.0,66.9,42.8,1.74,8.8,5.86,1744.0,4869.93,112159.0,3.25,19.03,96.75
0.0,20.27,10.0,2.88,10.8,5.86,316811.0,751871.24,54716.0,13.49,52.99,86.51
0.0,23.46,11.5,2.95,13.6,5.86,316811.0,751871.24,54243.0,9.65,55.86,90.35
0.0,25.5,13.47,3.01,7.8,5.86,316811.0,751871.24,63697.0,8.21,49.22,91.79
0.0,28.05,15.4,3.04,7.8,5.86,316811.0,751871.24,64139.0,10.96,47.95,89.04
0.0,27.15,19.0,3.04,7.7,5.86,316811.0,751871.24,64139.0,10.96,47.95,89.04
0.0,21.15,21.0,3.02,7.7,5.86,316811.0,751871.24,64139.0,10.96,47.95,89.04
0.0,10.14,6.4,1.98,6.2,1.97,316811.0,751871.24,64139.0,10.96,47.95,89.04
0.0,12.1,8.4,2.11,5.4,1.97,295605.0,785914.69,64139.0,10.96,47.95,89.04
0.0,14.24,12.0,2.23,5.3,8.38,295605.0,785914.69,74355.0,10.89,35.86,89.11
0.0,15.45,15.5,2.31,5.2,8.49,295605.0,785914.69,73148.0,13.7,36.41,86.3
0.0,15.89,16.36,2.34,5.1,8.43,311114.0,579366.7,73148.0,13.7,36.41,86.3
0.0,16.3,22.74,2.35,5.1,8.43,311114.0,579366.7,73148.0,13.7,36.41,86.3
