Country Name,PIB (Bilhões),Usuários Internet,Crescimento Populacional,Desemprego,Investimentos Educação,Analfabetismo 15 a 24 anos,Analfabetismo 25 a 64 anos,Qtd Professores EF,Crianças Fora Escola,Qtd Alunos por professor,Qtd Alunos EF,Usuários Internet (por 100),Crescimento Populacional (%),Qtd Professores EF (por 1000),Desemprego (%),Investimentos Educação (%),Analfabetismo 15 a 24 anos (por 1000),Analfabetismo 25 a 64 anos (por 1000),Crianças Fora Escola (por 1000),Qtd Alunos por professor (por 1000),Qtd Alunos EF (por 1000),AIDS,AIDS 1000 pessoas,AIDS,AIDS 1000 pessoas
Afghanistan,19.03,6.601428571428571,3.0442857142857145,8.357142857142858,3.3350000000000004,2947366.0,6844551.6,128676.2,0.0,44.532000000000004,0.0,6.6,3.04,128.68,8.36,3.34,2947.37,6844.55,0.0,0.04,0.0,4.38,0.0,4.38,0.0
Albania,12.33,56.510000000000005,-0.2542857142857143,15.285714285714288,3.54,5424.5,17667.065,10622.0,5.554,19.285,94.446,56.51,-0.25,10.62,15.29,3.54,5.42,17.67,5.55,0.02,94.45,0.71,0.0,0.71,0.0
Algeria,188.4,25.535714285714285,1.9342857142857142,10.585714285714285,0.0,0.0,0.0,152418.33333333334,1.26,23.419999999999998,98.74000000000001,25.54,1.93,152.42,10.59,0.0,0.0,0.0,1.26,0.02,98.74,4.88,0.0,4.88,0.0
American Samoa,0.63,0.0,-0.16,0.0,0.0,0.0,0.0,0.0,0.0,0.0,0.0,0.0,-0.16,0.0,0.0,0.0,0.0,0.0,0.0,0.0,0.0,79.29,0.08,79.29,0.08
Andorra,3.18,90.45285714285716,-1.2699999999999998,0.0,2.9880000000000004,0.0,0.0,433.1666666666667,0.0,9.643333333333333,0.0,90.45,-1.27,0.43,0.0,2.99,0.0,0.0,0.0,0.01,0.0,18.54,0.02,18.54,0.02
Angola,107.42,8.128571428571428,3.5028571428571427,6.185714285714286,3.48,1047558.0,2736780.71,105946.0,17.325,44.065,82.67500000000001,8.13,3.5,105.95,6.19,3.48,1047.56,2736.78,17.32,0.04,82.68,0.98,0.0,0.98,0.0
Antigua and Barbuda,1.26,61.597142857142856,1.0857142857142856,0.0,0.0,0.0,0.0,733.4,12.186,14.402000000000001,87.814,61.6,1.09,0.73,0.0,0.0,0.0,0.0,12.19,0.01,87.81,3.47,0.0,3.47,0.0
Argentina,529.76,59.22714285714286,1.0285714285714285,7.5,5.264,48105.0,340191.37,0.0,0.718,0.0,99.28200000000001,59.23,1.03,0.0,7.5,5.26,48.1,340.19,0.72,0.0,99.28,0.0,0.0,0.0,0.0
Armenia,10.55,44.58857142857143,0.17857142857142858,17.771428571428572,2.811666666666667,824.0,2034.22,0.0,3.58,0.0,96.42,44.59,0.18,0.0,17.77,2.81,0.82,2.03,3.58,0.0,96.42,2.67,0.0,2.67,0.0
Aruba,2.53,78.5542857142857,0.4657142857142857,0.0,6.453999999999999,107.0,1279.62,597.0,0.885,15.566666666666668,99.11500000000001,78.55,0.47,0.6,0.0,6.45,0.11,1.28,0.88,0.02,99.12,0.0,0.0,0.0,0.0
Australia,1378.34,82.10571428571428,1.52,5.585714285714286,5.216,0.0,0.0,0.0,2.618333333333333,0.0,97.38166666666666,82.11,1.52,0.0,5.59,5.22,0.0,0.0,2.62,0.0,97.38,0.0,0.0,0.0,0.0
Austria,411.04,80.54571428571428,0.6757142857142858,5.2714285714285705,5.58,0.0,0.0,30329.301666666666,0.0,10.79,0.0,80.55,0.68,30.33,5.27,5.58,0.0,0.0,0.0,0.01,0.0,0.4,0.0,0.4,0.0
Azerbaijan,61.27,64.77142857142857,1.2442857142857144,5.1571428571428575,2.482,929.5714285714286,5210.11,41821.166666666664,9.328333333333333,12.064999999999998,90.67166666666668,64.77,1.24,41.82,5.16,2.48,0.93,5.21,9.33,0.01,90.67,6.59,0.01,6.59,0.01
"Bahamas, The",10.08,69.52428571428571,1.394285714285714,13.928571428571429,0.0,0.0,0.0,2402.0,2.19,14.15,97.81,69.52,1.39,2.4,13.93,0.0,0.0,0.0,2.19,0.01,97.81,0.0,0.0,0.0,0.0
Bahrain,30.64,84.56857142857143,2.634285714285714,1.1714285714285713,2.5675,3466.0,38092.79,8464.8,5.5840000000000005,11.828,94.41600000000001,84.57,2.63,8.46,1.17,2.57,3.47,38.09,5.58,0.01,94.42,0.0,0.0,0.0,0.0
Bangladesh,159.52,9.482857142857142,1.1400000000000001,4.328571428571428,2.0500000000000003,6724958.0,31596134.63,460489.3333333333,5.07,39.77,94.93,9.48,1.14,460.49,4.33,2.05,6724.96,31596.13,5.07,0.04,94.93,15.14,0.02,15.14,0.02
Barbados,4.59,72.20285714285714,0.33,11.442857142857145,5.8875,0.0,0.0,1535.6666666666667,6.603333333333334,14.863333333333335,93.39666666666666,72.2,0.33,1.54,11.44,5.89,0.0,0.0,6.6,0.01,93.4,0.0,0.0,0.0,0.0
Belarus,63.27,52.85142857142858,0.0014285714285714338,0.5714285714285714,5.086666666666667,0.0,0.0,23118.0,6.758333333333333,15.708333333333334,93.24166666666667,52.85,0.0,23.12,0.57,5.09,0.0,0.0,6.76,0.02,93.24,0.0,0.0,0.0,0.0
Belgium,497.66,82.2957142857143,0.7114285714285714,8.014285714285714,6.507499999999999,0.0,0.0,67188.6,0.9583333333333334,11.16,99.04166666666667,82.3,0.71,67.19,8.01,6.51,0.0,0.0,0.96,0.01,99.04,37.67,0.04,37.67,0.04
Belize,1.61,35.48142857142857,2.2314285714285718,12.185714285714285,6.419999999999999,0.0,0.0,2407.0,1.2449999999999999,21.850000000000005,98.755,35.48,2.23,2.41,12.19,6.42,0.0,0.0,1.24,0.02,98.76,134.57,0.13,134.57,0.13
Benin,8.38,6.5600000000000005,2.787142857142857,1.0285714285714285,4.6259999999999994,947790.0,2479843.61,44864.333333333336,5.2725,44.905,94.7275,6.56,2.79,44.86,1.03,4.63,947.79,2479.84,5.27,0.04,94.73,0.0,0.0,0.0,0.0
Bermuda,5.6,93.18142857142857,-0.06571428571428574,0.0,2.04,0.0,0.0,517.3333333333334,14.315,8.41,85.685,93.18,-0.07,0.52,0.0,2.04,0.0,0.0,14.32,0.01,85.68,1.45,0.0,1.45,0.0
Bhutan,1.89,25.41,1.5757142857142858,2.6857142857142855,5.508,19307.0,169129.63,3874.3333333333335,10.706,28.10833333333333,89.29400000000001,25.41,1.58,3.87,2.69,5.51,19.31,169.13,10.71,0.03,89.29,12.81,0.01,12.81,0.01
Bolivia,28.74,33.51285714285715,1.562857142857143,3.4,6.892,17214.666666666668,258460.47666666665,80362.6,8.385,17.044,91.615,33.51,1.56,80.36,3.4,6.89,17.21,258.46,8.38,0.02,91.62,10.36,0.01,10.36,0.01
Bosnia and Herzegovina,17.56,56.61285714285714,-0.9057142857142857,27.157142857142862,0.0,2137.5,27912.684999999998,9517.666666666666,0.0,17.026666666666667,0.0,56.61,-0.91,9.52,27.16,0.0,2.14,27.91,0.0,0.02,0.0,0.5,0.0,0.5,0.0
Botswana,14.91,24.91571428571429,1.827142857142857,17.428571428571427,0.0,0.0,0.0,14688.5,8.935,23.020000000000003,91.065,24.92,1.83,14.69,17.43,0.0,0.0,0.0,8.94,0.02,91.06,4.59,0.0,4.59,0.0
Brazil,2259.84,51.214285714285715,0.9071428571428571,8.22857142857143,5.795,533659.0,8322556.790000001,781541.4,5.104,21.226000000000003,94.896,51.21,0.91,781.54,8.23,5.8,533.66,8322.56,5.1,0.02,94.9,82.29,0.08,82.29,0.08
British Virgin Islands,0.0,0.0,0.0,0.0,5.5,0.0,0.0,267.5,0.0,12.1625,0.0,0.0,0.0,0.27,0.0,5.5,0.0,0.0,0.0,0.01,0.0,0.0,0.0,0.0,0.0
Brunei Darussalam,15.83,64.10571428571428,1.4,5.871428571428572,3.2079999999999997,460.0,5904.92,3996.3333333333335,0.0,10.618333333333332,0.0,64.11,1.4,4.0,5.87,3.21,0.46,5.9,0.0,0.01,0.0,23.17,0.02,23.17,0.02
Bulgaria,53.98,53.021428571428565,-0.6214285714285713,10.7,3.745,17961.0,52678.16,14593.2,2.86,17.546,97.14,53.02,-0.62,14.59,10.7,3.74,17.96,52.68,2.86,0.02,97.14,19.74,0.02,19.74,0.02
Burkina Faso,11.04,7.568571428571429,2.9757142857142855,3.271428571428572,4.288333333333333,1727918.0,3956190.24,50917.0,34.21833333333333,47.685,65.78166666666668,7.57,2.98,50.92,3.27,4.29,1727.92,3956.19,34.22,0.05,65.78,12.97,0.01,12.97,0.01
Burundi,2.68,2.287142857142857,3.0714285714285716,1.5714285714285714,6.012499999999999,424545.0,1612572.61,43065.833333333336,6.785,46.31333333333333,93.215,2.29,3.07,43.07,1.57,6.01,424.54,1612.57,6.78,0.05,93.22,0.0,0.0,0.0,0.0
Cabo Verde,1.74,38.66142857142857,1.1742857142857144,10.557142857142855,5.193333333333333,2103.0,27800.62,2974.1666666666665,2.6133333333333333,22.891666666666666,97.38666666666667,38.66,1.17,2.97,10.56,5.19,2.1,27.8,2.61,0.02,97.39,36.61,0.04,36.61,0.04
Cambodia,15.49,10.667142857142858,1.6014285714285716,0.21428571428571433,1.706,0.0,0.0,47485.0,4.43,46.42333333333334,95.57000000000001,10.67,1.6,47.48,0.21,1.71,0.0,0.0,4.43,0.05,95.57,0.3,0.0,0.3,0.0
Cameroon,30.72,12.67,2.677142857142857,4.128571428571429,3.0925,812358.0,1993215.51,87830.2,7.125,44.492000000000004,92.875,12.67,2.68,87.83,4.13,3.09,812.36,1993.22,7.12,0.04,92.88,3.05,0.0,3.05,0.0
Canada,1706.35,85.36142857142859,1.0857142857142859,7.257142857142857,5.32,0.0,0.0,0.0,0.53,0.0,99.47,85.36,1.09,0.0,7.26,5.32,0.0,0.0,0.53,0.0,99.47,0.35,0.0,0.35,0.0
Cayman Islands,0.0,72.38142857142859,1.6114285714285717,0.0,0.0,0.0,0.0,312.0,0.0,12.81,0.0,72.38,1.61,0.31,0.0,0.0,0.0,0.0,0.0,0.01,0.0,7.2,0.01,7.2,0.01
Central African Republic,1.85,3.142857142857143,0.6057142857142858,6.128571428571429,1.21,569841.0,979124.59,7931.333333333333,30.566666666666663,81.91666666666667,69.43333333333332,3.14,0.61,7.93,6.13,1.21,569.84,979.12,30.57,0.08,69.43,0.0,0.0,0.0,0.0
Chad,11.79,2.8000000000000003,3.2600000000000002,5.771428571428572,2.325,1873382.5,3377318.45,32509.5,28.92,62.1225,71.08,2.8,3.26,32.51,5.77,2.33,1873.38,3377.32,28.92,0.06,71.08,0.0,0.0,0.0,0.0
Channel Islands,0.0,0.0,0.5257142857142857,7.214285714285714,0.0,0.0,0.0,0.0,0.0,0.0,0.0,0.0,0.53,0.0,7.21,0.0,0.0,0.0,0.0,0.0,0.0,1.4,0.0,1.4,0.0
Chile,252.4,57.38714285714286,0.8885714285714286,6.685714285714286,4.511666666666667,21535.0,251578.175,70432.0,6.36,21.5175,93.63999999999999,57.39,0.89,70.43,6.69,4.51,21.54,251.58,6.36,0.02,93.64,9.24,0.01,9.24,0.01
China,9226.73,44.58571428571428,0.5,4.457142857142857,0.0,843211.0,22167578.39,5909928.833333333,0.0,16.641666666666666,0.0,44.59,0.5,5909.93,4.46,0.0,843.21,22167.58,0.0,0.02,0.0,9.39,0.01,9.39,0.01
Colombia,332.07,49.162857142857135,0.9842857142857142,9.942857142857141,4.623333333333334,138154.75,1308696.08,185392.83333333334,5.433333333333334,25.638333333333335,94.56666666666666,49.16,0.98,185.39,9.94,4.62,138.15,1308.7,5.43,0.03,94.57,4.26,0.0,4.26,0.0
Comoros,0.59,6.494285714285714,2.3857142857142857,19.914285714285715,4.666,41920.0,150926.06,4261.5,16.715,27.78,83.285,6.49,2.39,4.26,19.91,4.67,41.92,150.93,16.72,0.03,83.28,13.49,0.01,13.49,0.01
"Congo, Dem. Rep.",29.14,2.6871428571428573,3.3200000000000003,3.685714285714286,1.925,2236402.0,6085060.34,330163.0,0.0,36.303999999999995,0.0,2.69,3.32,330.16,3.69,1.92,2236.4,6085.06,0.0,0.04,0.0,2.4,0.0,2.4,0.0
"Congo, Rep.",12.11,6.594285714285713,2.6642857142857146,11.214285714285717,6.22,146541.0,306752.34,15437.333333333334,8.91,46.89333333333334,91.09,6.59,2.66,15.44,11.21,6.22,146.54,306.75,8.91,0.05,91.09,0.0,0.0,0.0,0.0
Costa Rica,48.38,49.70857142857143,1.1285714285714286,9.571428571428571,6.79,7166.0,51445.23,33539.6,1.9280000000000002,14.888,98.072,49.71,1.13,33.54,9.57,6.79,7.17,51.45,1.93,0.01,98.07,70.59,0.07,70.59,0.07
Cote d'Ivoire,30.5,12.89857142857143,2.4685714285714284,9.314285714285713,4.633333333333334,2121774.0,4399894.88,71004.0,25.063333333333333,43.23,74.93666666666667,12.9,2.47,71.0,9.31,4.63,2121.77,4399.89,25.06,0.04,74.94,0.54,0.0,0.54,0.0
Croatia,56.12,64.87142857142858,-0.47833333333333333,15.028571428571427,4.326666666666667,1379.0,8457.85,11751.6,2.5283333333333338,13.834,97.47166666666668,64.87,-0.48,11.75,15.03,4.33,1.38,8.46,2.53,0.01,97.47,0.0,0.0,0.0,0.0
Cuba,75.23,26.6,0.19714285714285712,2.871428571428571,12.84,1905.0,15925.31,87706.66666666667,3.765,9.055000000000001,96.23500000000001,26.6,0.2,87.71,2.87,12.84,1.9,15.93,3.76,0.01,96.24,18.34,0.02,18.34,0.02
Curacao,0.0,0.0,1.2725,0.0,4.93,0.0,0.0,0.0,0.0,0.0,0.0,0.0,1.27,0.0,0.0,4.93,0.0,0.0,0.0,0.0,0.0,7.11,0.01,7.11,0.01
Cyprus,23.6,64.70571428571428,0.9071428571428573,12.271428571428572,6.430000000000001,318.0,2750.31,4071.1666666666665,1.7983333333333331,13.311666666666666,98.20166666666667,64.71,0.91,4.07,12.27,6.43,0.32,2.75,1.8,0.01,98.2,0.0,0.0,0.0,0.0
Czech Republic,206.02,73.31857142857143,0.16142857142857142,6.1571428571428575,4.175,0.0,0.0,25197.25,0.0,18.8575,0.0,73.32,0.16,25.2,6.16,4.18,0.0,0.0,0.0,0.02,0.0,0.0,0.0,0.0,0.0
Denmark,328.27,93.53,0.5285714285714286,6.942857142857144,8.275,0.0,0.0,43538.0,1.99,10.74,98.00999999999999,93.53,0.53,43.54,6.94,8.28,0.0,0.0,1.99,0.01,98.01,67.57,0.07,67.57,0.07
Djibouti,1.42,9.575714285714286,1.6971428571428573,6.057142857142857,4.48,0.0,0.0,1871.8333333333333,40.8125,33.625,59.1875,9.58,1.7,1.87,6.06,4.48,0.0,0.0,40.81,0.03,59.19,0.0,0.0,0.0,0.0
Dominica,0.52,55.19714285714286,0.45714285714285713,0.0,0.0,0.0,0.0,523.6666666666666,0.0,15.138333333333334,0.0,55.2,0.46,0.52,0.0,0.0,0.0,0.0,0.0,0.02,0.0,4.94,0.0,4.94,0.0
Dominican Republic,62.74,46.10714285714285,1.2342857142857144,14.27142857142857,0.0,51449.833333333336,424348.78833333333,57580.333333333336,10.773333333333333,22.826666666666668,89.22666666666667,46.11,1.23,57.58,14.27,0.0,51.45,424.35,10.77,0.02,89.23,19.43,0.02,19.43,0.02
Ecuador,90.22,40.629999999999995,1.558571428571429,4.4,4.848333333333334,32765.85714285714,380235.5014285714,90271.64,2.687142857142857,23.169999999999998,97.31285714285715,40.63,1.56,90.27,4.4,4.85,32.77,380.24,2.69,0.02,97.31,8.01,0.01,8.01,0.01
"Egypt, Arab Rep.",284.84,30.56,2.1271428571428572,12.142857142857142,0.0,1704003.0,11526279.86,446305.0,1.2225000000000001,24.7,98.77749999999999,30.56,2.13,446.3,12.14,0.0,1704.0,11526.28,1.22,0.02,98.78,2.0,0.0,2.0,0.0
El Salvador,24.38,22.684285714285714,0.4742857142857143,6.642857142857143,3.4450000000000003,37230.25,373053.99250000005,27861.23,5.051666666666667,29.490000000000002,94.94833333333334,22.68,0.47,27.86,6.64,3.44,37.23,373.05,5.05,0.03,94.95,23.93,0.02,23.93,0.02
Equatorial Guinea,18.14,15.97142857142857,4.221428571428571,5.971428571428571,0.0,0.0,0.0,3445.0,44.254999999999995,26.12,55.745000000000005,15.97,4.22,3.44,5.97,0.0,0.0,0.0,44.26,0.03,55.74,3.43,0.0,3.43,0.0
Eritrea,2.36,0.8942857142857142,1.87,6.499999999999999,0.0,0.0,0.0,8157.666666666667,59.66833333333333,41.805,40.33166666666667,0.89,1.87,8.16,6.5,0.0,0.0,0.0,59.67,0.04,40.33,0.0,0.0,0.0,0.0
Estonia,23.28,81.26857142857143,-0.19428571428571426,9.714285714285714,5.118,87.0,969.61,6358.0,1.9216666666666669,11.6375,98.07833333333333,81.27,-0.19,6.36,9.71,5.12,0.09,0.97,1.92,0.01,98.08,0.0,0.0,0.0,0.0
Ethiopia,49.33,6.288571428571428,2.5914285714285716,5.214285714285714,5.0125,0.0,0.0,255934.0,18.958,54.565,81.042,6.29,2.59,255.93,5.21,5.01,0.0,0.0,18.96,0.05,81.04,0.0,0.0,0.0,0.0
Faroe Islands,2.5,87.69714285714285,0.1757142857142857,0.0,0.0,0.0,0.0,0.0,0.0,0.0,0.0,87.7,0.18,0.0,0.0,0.0,0.0,0.0,0.0,0.0,0.0,0.0,0.0,0.0,0.0
Fiji,4.09,34.76428571428571,0.7642857142857142,8.857142857142856,4.025,0.0,0.0,3483.5,1.8,29.380000000000003,98.20000000000002,34.76,0.76,3.48,8.86,4.03,0.0,0.0,1.8,0.03,98.2,0.0,0.0,0.0,0.0
Finland,255.96,88.23428571428572,0.4114285714285714,8.428571428571429,6.910000000000001,0.0,0.0,25682.6,0.9783333333333334,13.557999999999998,99.02,88.23,0.41,25.68,8.43,6.91,0.0,0.0,0.98,0.01,99.02,0.0,0.0,0.0,0.0
France,2678.25,81.78857142857143,0.47285714285714286,9.928571428571429,5.5525,0.0,0.0,233743.0,0.798,17.822499999999998,99.20200000000001,81.79,0.47,233.74,9.93,5.55,0.0,0.0,0.8,0.02,99.2,13.0,0.01,13.0,0.01
French Polynesia,0.0,57.33714285714286,0.7657142857142858,19.5,0.0,0.0,0.0,0.0,0.0,0.0,0.0,57.34,0.77,0.0,19.5,0.0,0.0,0.0,0.0,0.0,0.0,6.03,0.01,6.03,0.01
Gabon,16.28,31.062857142857144,3.1614285714285706,20.042857142857144,2.956,37354.0,110383.96,12961.0,0.0,24.53,0.0,31.06,3.16,12.96,20.04,2.96,37.35,110.38,0.0,0.02,0.0,0.0,0.0,0.0,0.0
"Gambia, The",0.91,13.868571428571428,3.11,29.657142857142855,3.7275,141596.0,386463.69,6836.142857142857,28.069999999999997,38.44,71.92999999999999,13.87,3.11,6.84,29.66,3.73,141.6,386.46,28.07,0.04,71.93,0.0,0.0,0.0,0.0
Georgia,14.71,40.03285714285715,-0.9628571428571427,13.871428571428572,2.34,1694.0,6749.13,31674.666666666668,0.64,9.063333333333334,99.36,40.03,-0.96,31.67,13.87,2.34,1.69,6.75,0.64,0.01,99.36,7.87,0.01,7.87,0.01
Germany,3602.19,84.74571428571427,0.13428571428571426,5.3,4.906,0.0,0.0,243886.27666666664,0.27499999999999997,12.051666666666668,99.72500000000001,84.75,0.13,243.89,5.3,4.91,0.0,0.0,0.27,0.01,99.72,198.43,0.2,198.43,0.2
Ghana,40.05,19.148571428571433,2.3628571428571425,4.742857142857143,6.776000000000001,698588.0,2839103.98,130963.0,13.163333333333332,31.27,86.83666666666666,19.15,2.36,130.96,4.74,6.78,698.59,2839.1,13.16,0.03,86.84,0.0,0.0,0.0,0.0
Gibraltar,0.0,72.365,0.6157142857142858,0.0,0.0,0.0,0.0,0.0,0.0,0.0,0.0,72.36,0.62,0.0,0.0,0.0,0.0,0.0,0.0,0.0,0.0,1.93,0.0,1.93,0.0
Greece,242.56,58.58857142857143,-0.47285714285714286,22.485714285714288,0.0,15603.0,74168.88,67504.33333333333,2.438,9.379999999999999,97.56200000000001,58.59,-0.47,67.5,22.49,0.0,15.6,74.17,2.44,0.01,97.56,0.8,0.0,0.8,0.0
Greenland,2.41,65.78571428571429,-0.03428571428571429,0.0,0.0,0.0,0.0,0.0,0.0,0.0,0.0,65.79,-0.03,0.0,0.0,0.0,0.0,0.0,0.0,0.0,0.0,47.71,0.05,47.71,0.05
Grenada,0.88,40.75285714285714,0.4057142857142857,0.0,0.0,0.0,0.0,854.75,2.17,15.585,97.83,40.75,0.41,0.85,0.0,0.0,0.0,0.0,2.17,0.02,97.83,9.17,0.01,9.17,0.01
Guam,5.34,65.44142857142857,0.3242857142857143,9.3,0.0,0.0,0.0,0.0,0.0,0.0,0.0,65.44,0.32,0.0,9.3,0.0,0.0,0.0,0.0,0.0,0.0,2.71,0.0,2.71,0.0
Guatemala,54.93,20.745714285714286,2.0985714285714283,3.099999999999999,2.903333333333333,214862.0,1418793.6666666667,104494.83333333333,7.109999999999999,24.291666666666668,92.89,20.75,2.1,104.49,3.1,2.9,214.86,1418.79,7.11,0.02,92.89,1.5,0.0,1.5,0.0
Guinea,7.88,5.0,2.295714285714286,6.328571428571427,3.196,1404360.5,2959983.415,36333.6,25.744,43.926,74.256,5.0,2.3,36.33,6.33,3.2,1404.36,2959.98,25.74,0.04,74.26,0.0,0.0,0.0,0.0
Guinea-Bissau,1.03,3.1042857142857136,2.564285714285714,6.114285714285715,1.9675,141572.0,383931.47,5371.0,30.77,51.93,69.23,3.1,2.56,5.37,6.11,1.97,141.57,383.93,30.77,0.05,69.23,10.29,0.01,10.29,0.01
Guyana,2.93,31.865714285714287,0.5199999999999999,11.214285714285714,3.48,5318.0,48469.75,4040.6666666666665,14.773333333333333,24.123333333333335,85.22666666666667,31.87,0.52,4.04,11.21,3.48,5.32,48.47,14.77,0.02,85.23,140.86,0.14,140.86,0.14
Haiti,8.0,10.514285714285714,1.3728571428571428,14.042857142857143,0.0,0.0,0.0,0.0,0.0,0.0,0.0,10.51,1.37,0.0,14.04,0.0,0.0,0.0,0.0,0.0,0.0,16.01,0.02,16.01,0.02
Honduras,18.96,19.944285714285716,1.7985714285714285,5.171428571428571,5.87,75328.85714285714,443205.76285714284,61860.5,4.333333333333333,21.41,95.66666666666667,19.94,1.8,61.86,5.17,5.87,75.33,443.21,4.33,0.02,95.67,0.0,0.0,0.0,0.0
"Hong Kong SAR, China",276.75,77.63142857142857,0.7457142857142858,3.4857142857142853,3.5033333333333325,0.0,0.0,23140.166666666668,0.0,14.315,0.0,77.63,0.75,23.14,3.49,3.5,0.0,0.0,0.0,0.01,0.0,0.0,0.0,0.0,0.0
Hungary,131.94,71.99714285714285,-0.29714285714285715,9.000000000000002,4.5725,0.0,0.0,36358.0,3.233333333333333,10.703333333333333,96.76666666666667,72.0,-0.3,36.36,9.0,4.57,0.0,0.0,3.23,0.01,96.77,0.0,0.0,0.0,0.0
Iceland,15.95,96.51,0.6900000000000001,5.414285714285714,7.4825,0.0,0.0,2998.3333333333335,1.2525000000000002,9.83,98.7475,96.51,0.69,3.0,5.41,7.48,0.0,0.0,1.25,0.01,98.75,0.0,0.0,0.0,0.0
India,1936.15,17.4,1.2385714285714287,3.585714285714286,3.7424999999999997,32619767.0,194995517.7,4272247.5,3.3325,32.5625,96.6675,17.4,1.24,4272.25,3.59,3.74,32619.77,194995.52,3.33,0.03,96.67,2.73,0.0,2.73,0.0
Indonesia,880.4,16.735714285714288,1.2428571428571427,6.3428571428571425,3.2733333333333334,235478.75,5399425.7175,1707988.2,5.776666666666666,17.846,94.22333333333334,16.74,1.24,1707.99,6.34,3.27,235.48,5399.43,5.78,0.02,94.22,0.0,0.0,0.0,0.0
"Iran, Islamic Rep.",482.31,32.21285714285714,1.2242857142857144,11.642857142857142,3.296666666666667,292953.3333333333,6023008.989999999,293285.0,0.59,26.113333333333333,99.41000000000001,32.21,1.22,293.29,11.64,3.3,292.95,6023.01,0.59,0.03,99.41,0.3,0.0,0.3,0.0
Iraq,194.67,10.78,3.124285714285714,15.12857142857143,0.0,3159267.0,6538243.28,0.0,0.0,0.0,0.0,10.78,3.12,0.0,15.13,0.0,3159.27,6538.24,0.0,0.0,0.0,0.3,0.0,0.3,0.0
Ireland,254.21,77.41285714285713,0.7285714285714285,12.114285714285716,5.725,0.0,0.0,32386.0,0.7133333333333334,15.81,99.28666666666668,77.41,0.73,32.39,12.11,5.72,0.0,0.0,0.71,0.02,99.29,3.64,0.0,3.64,0.0
Isle of Man,6.58,0.0,0.7728571428571429,0.0,0.0,0.0,0.0,0.0,0.0,0.0,0.0,0.0,0.77,0.0,0.0,0.0,0.0,0.0,0.0,0.0,0.0,486.14,0.49,486.14,0.49
Israel,281.47,72.79571428571428,1.895714285714286,6.385714285714285,5.6899999999999995,0.0,0.0,67178.7875,2.671666666666667,12.4475,97.32833333333333,72.8,1.9,67.18,6.39,5.69,0.0,0.0,2.67,0.01,97.33,42.57,0.04,42.57,0.04
Italy,2063.95,56.779999999999994,0.36,10.842857142857143,4.1899999999999995,8217.0,176733.7,237477.33333333334,0.8000000000000002,12.043333333333335,99.19999999999999,56.78,0.36,237.48,10.84,4.19,8.22,176.73,0.8,0.01,99.2,27.77,0.03,27.77,0.03
Jamaica,14.12,37.660000000000004,0.38999999999999996,13.485714285714286,6.081666666666667,0.0,0.0,12298.4,0.0,22.298,0.0,37.66,0.39,12.3,13.49,6.08,0.0,0.0,0.0,0.02,0.0,4.33,0.0,4.33,0.0
Japan,5341.21,85.30714285714286,-0.11857142857142858,4.0,3.65,0.0,0.0,404219.8,0.052000000000000005,17.108,99.948,85.31,-0.12,404.22,4.0,3.65,0.0,0.0,0.05,0.02,99.95,2.94,0.0,2.94,0.0
Jordan,33.11,44.15857142857143,4.667142857142856,12.928571428571427,0.0,12975.333333333334,93473.64000000001,57946.0,11.185,16.91,88.815,44.16,4.67,57.95,12.93,0.0,12.98,93.47,11.18,0.02,88.82,0.8,0.0,0.8,0.0
Kazakhstan,189.77,59.17428571428571,1.437142857142857,5.257142857142857,2.79,3284.0,17193.28,64955.142857142855,0.45428571428571424,16.69857142857143,99.5457142857143,59.17,1.44,64.96,5.26,2.79,3.28,17.19,0.45,0.02,99.55,2.28,0.0,2.28,0.0
Kenya,54.74,14.714285714285714,2.657142857142857,11.9,5.383333333333333,1183945.0,3593132.53,223017.66666666666,13.79,39.52333333333333,86.21,14.71,2.66,223.02,11.9,5.38,1183.94,3593.13,13.79,0.04,86.21,4.23,0.0,4.23,0.0
Kiribati,0.18,11.467142857142857,1.84,0.0,0.0,0.0,0.0,614.0,2.74,26.37,97.25999999999999,11.47,1.84,0.61,0.0,0.0,0.0,0.0,2.74,0.03,97.26,362.43,0.36,362.43,0.36
"Korea, Dem. People’s Rep.",0.0,0.0,0.5185714285714287,4.3,0.0,0.0,0.0,66113.0,3.55,20.53,96.45,0.0,0.52,66.11,4.3,0.0,0.0,0.0,3.55,0.02,96.45,0.0,0.0,0.0,0.0
"Korea, Rep.",1290.1,86.60428571428572,0.5528571428571428,3.457142857142857,4.84,0.0,0.0,163962.6,1.8949999999999998,18.24,98.10500000000002,86.6,0.55,163.96,3.46,4.84,0.0,0.0,1.89,0.02,98.11,0.5,0.0,0.5,0.0
Kosovo,6.64,0.0,0.4371428571428572,0.0,0.0,0.0,0.0,0.0,0.0,0.0,0.0,0.0,0.44,0.0,0.0,0.0,0.0,0.0,0.0,0.0,0.0,50.57,0.05,50.57,0.05
Kuwait,143.68,72.52428571428571,5.184285714285714,3.085714285714286,0.0,5120.0,95351.94499999999,27416.5,1.8419999999999999,8.64,98.158,72.52,5.18,27.42,3.09,0.0,5.12,95.35,1.84,0.01,98.16,0.0,0.0,0.0,0.0
Kyrgyz Republic,6.52,24.235714285714284,1.7457142857142858,8.157142857142857,6.468000000000001,0.0,0.0,16702.0,3.5016666666666665,24.858333333333334,96.49833333333333,24.24,1.75,16.7,8.16,6.47,0.0,0.0,3.5,0.02,96.5,8.54,0.01,8.54,0.01
Lao PDR,11.58,13.368571428571428,1.342857142857143,1.3285714285714285,2.4539999999999997,407159.0,1042065.94,33680.0,5.8116666666666665,26.281666666666666,94.18833333333333,13.37,1.34,33.68,1.33,2.45,407.16,1042.07,5.81,0.03,94.19,4.08,0.0,4.08,0.0
Latvia,28.06,74.49142857142859,-1.262857142857143,13.271428571428572,5.784000000000001,446.0,1094.36,10152.833333333334,2.1766666666666667,11.28,97.82333333333332,74.49,-1.26,10.15,13.27,5.78,0.45,1.09,2.18,0.01,97.82,11.76,0.01,11.76,0.01
Lebanon,45.04,64.36285714285715,5.168571428571427,6.228571428571429,2.01,0.0,0.0,34948.6,11.160000000000002,13.418000000000001,88.83999999999999,64.36,5.17,34.95,6.23,2.01,0.0,0.0,11.16,0.01,88.84,22.94,0.02,22.94,0.02
Lesotho,2.54,15.745714285714286,1.2485714285714287,26.300000000000004,0.0,64560.0,188664.24,11251.166666666666,19.47,33.37166666666667,80.53,15.75,1.25,11.25,26.3,0.0,64.56,188.66,19.47,0.03,80.53,0.0,0.0,0.0,0.0
Liberia,1.81,4.175714285714286,2.7285714285714286,3.6857142857142864,2.76,0.0,0.0,24476.0,61.11333333333332,27.926666666666666,38.88666666666667,4.18,2.73,24.48,3.69,2.76,0.0,0.0,61.11,0.03,38.89,0.0,0.0,0.0,0.0
Libya,54.74,16.925,0.39571428571428574,17.914285714285715,0.0,0.0,0.0,0.0,0.0,0.0,0.0,16.92,0.4,0.0,17.91,0.0,0.0,0.0,0.0,0.0,0.0,0.0,0.0,0.0,0.0
Liechtenstein,5.94,91.16428571428571,0.7385714285714285,0.0,2.56,0.0,0.0,270.0183333333334,1.2660000000000002,7.414,98.73400000000001,91.16,0.74,0.27,0.0,2.56,0.0,0.0,1.27,0.01,98.73,3.1,0.0,3.1,0.0
Lithuania,43.23,68.47571428571429,-1.3771428571428572,12.3,4.95,633.0,3188.05,8881.333333333334,0.8966666666666668,12.663333333333332,99.10333333333334,68.48,-1.38,8.88,12.3,4.95,0.63,3.19,0.9,0.01,99.1,0.0,0.0,0.0,0.0
Luxembourg,59.2,93.69571428571429,2.257142857142857,5.585714285714286,4.109999999999999,0.0,0.0,4117.0,4.656,8.592,95.34400000000001,93.7,2.26,4.12,5.59,4.11,0.0,0.0,4.66,0.01,95.34,22.61,0.02,22.61,0.02
"Macao SAR, China",43.57,67.36142857142856,2.1842857142857146,2.085714285714286,2.548,218.5,8813.695,1633.0,12.72,14.416666666666666,87.28000000000002,67.36,2.18,1.63,2.09,2.55,0.22,8.81,12.72,0.01,87.28,0.0,0.0,0.0,0.0
"Macedonia, FYR",10.4,63.12714285714286,0.08285714285714285,28.74285714285714,0.0,0.0,0.0,7056.75,10.326,15.4575,89.674,63.13,0.08,7.06,28.74,0.0,0.0,0.0,10.33,0.02,89.67,5.64,0.01,5.64,0.01
Madagascar,9.94,3.068571428571428,2.724285714285714,2.0714285714285716,2.533333333333333,1046177.0,2200968.56,107725.83333333333,0.0,41.52166666666667,0.0,3.07,2.72,107.73,2.07,2.53,1046.18,2200.97,0.0,0.04,0.0,0.9,0.0,0.9,0.0
Malawi,6.34,5.675714285714286,2.9499999999999997,6.457142857142856,4.709999999999999,883710.6666666666,1940845.6500000001,52284.833333333336,0.0,73.46833333333332,0.0,5.68,2.95,52.28,6.46,4.71,883.71,1940.85,0.0,0.07,0.0,17.19,0.02,17.19,0.02
Malaysia,303.1,64.81142857142858,1.7414285714285715,3.1571428571428575,5.351666666666667,89979.0,727965.31,268665.3333333333,2.2866666666666666,11.946666666666665,97.71333333333332,64.81,1.74,268.67,3.16,5.35,89.98,727.97,2.29,0.01,97.71,1.43,0.0,1.43,0.0
Maldives,3.35,43.769999999999996,2.12,2.914285714285714,4.453333333333333,543.0,1754.74,3539.5,5.16,11.483333333333333,94.84,43.77,2.12,3.54,2.91,4.45,0.54,1.75,5.16,0.01,94.84,0.0,0.0,0.0,0.0
Mali,12.98,5.562857142857142,2.9785714285714286,8.257142857142858,3.5420000000000003,1617568.6666666667,3605089.123333333,47457.4,34.833333333333336,45.07000000000001,65.16666666666667,5.56,2.98,47.46,8.26,3.54,1617.57,3605.09,34.83,0.05,65.17,2.28,0.0,2.28,0.0
Malta,10.01,70.68142857142858,0.8228571428571428,5.971428571428572,7.1325,600.0,13177.54,1990.57,1.412,12.203333333333333,98.588,70.68,0.82,1.99,5.97,7.13,0.6,13.18,1.41,0.01,98.59,1008.57,1.01,1008.57,1.01
Marshall Islands,0.18,15.624285714285715,0.20285714285714285,0.0,0.0,106.0,265.4,0.0,10.94,0.0,89.06,15.62,0.2,0.0,0.0,0.0,0.11,0.27,10.94,0.0,89.06,52.86,0.05,52.86,0.05
Mauritania,5.06,9.085714285714285,2.9171428571428573,10.071428571428571,3.09,0.0,0.0,15452.666666666666,26.89,37.02333333333333,73.11,9.09,2.92,15.45,10.07,3.09,0.0,0.0,26.89,0.04,73.11,11.9,0.01,11.9,0.01
Mauritius,11.71,40.99857142857143,0.18285714285714286,7.828571428571428,3.953333333333333,3769.0,66335.32,5523.5,3.936666666666667,20.01666666666667,96.06333333333333,41.0,0.18,5.52,7.83,3.95,3.77,66.34,3.94,0.02,96.06,1.45,0.0,1.45,0.0
Mexico,1166.93,44.68571428571429,1.4157142857142857,4.757142857142858,5.107999999999999,292613.8333333333,2924101.3666666667,532842.0,2.8,27.875999999999998,97.2,44.69,1.42,532.84,4.76,5.11,292.61,2924.1,2.8,0.03,97.2,11.03,0.01,11.03,0.01
"Micronesia, Fed. Sts.",0.32,27.295714285714286,0.13285714285714284,0.0,12.47,0.0,0.0,698.0,14.475,19.71,85.525,27.3,0.13,0.7,0.0,12.47,0.0,0.0,14.48,0.02,85.52,1.41,0.0,1.41,0.0
Moldova,7.05,48.51142857142857,-0.054285714285714284,5.385714285714286,8.3725,3716.0,8853.23,8597.166666666666,9.708333333333334,16.186666666666667,90.29166666666667,48.51,-0.05,8.6,5.39,8.37,3.72,8.85,9.71,0.02,90.29,0.0,0.0,0.0,0.0
Monaco,5.71,87.71000000000001,0.7485714285714286,0.0,1.4080000000000001,0.0,0.0,155.0,0.0,12.64,0.0,87.71,0.75,0.16,0.0,1.41,0.0,0.0,0.0,0.01,0.0,2.17,0.0,2.17,0.0
Mongolia,11.09,17.207142857142856,1.8042857142857145,7.485714285714285,4.619999999999999,9066.0,19840.93,8937.666666666666,3.0866666666666664,28.560000000000002,96.91333333333334,17.21,1.8,8.94,7.49,4.62,9.07,19.84,3.09,0.03,96.91,0.3,0.0,0.3,0.0
Montenegro,4.32,55.60857142857143,0.10428571428571427,18.814285714285713,0.0,673.0,2305.88,0.0,6.713333333333334,0.0,93.28666666666668,55.61,0.1,0.0,18.81,0.0,0.67,2.31,6.71,0.0,93.29,3.91,0.0,3.91,0.0
Morocco,102.08,54.52571428571428,1.397142857142857,9.514285714285714,0.0,848038.5,5719568.675,154195.0,2.416,26.005,97.584,54.53,1.4,154.2,9.51,0.0,848.04,5719.57,2.42,0.03,97.58,35.89,0.04,35.89,0.04
Mozambique,13.8,9.35,2.904285714285714,24.042857142857144,6.28,0.0,0.0,99358.33333333333,13.133333333333333,55.526666666666664,86.86666666666667,9.35,2.9,99.36,24.04,6.28,0.0,0.0,13.13,0.06,86.87,0.51,0.0,0.51,0.0
Myanmar,59.73,10.221428571428573,0.8571428571428571,0.7999999999999999,0.0,1482891.0,6592948.89,184747.0,8.86,27.89,91.14,10.22,0.86,184.75,0.8,0.0,1482.89,6592.95,8.86,0.03,91.14,18.76,0.02,18.76,0.02
Namibia,12.1,17.428571428571427,2.1257142857142854,20.042857142857144,8.35,26903.0,89202.02,13652.0,11.326666666666668,29.78,88.67333333333333,17.43,2.13,13.65,20.04,8.35,26.9,89.2,11.33,0.03,88.67,1.15,0.0,1.15,0.0
Nauru,0.0,0.0,0.0,0.0,0.0,0.0,0.0,40.0,18.325,39.45,81.675,0.0,0.0,0.04,0.0,0.0,0.0,0.0,18.32,0.04,81.68,2.43,0.0,2.43,0.0
Nepal,19.37,13.44142857142857,1.1500000000000001,2.9999999999999996,3.731666666666667,823462.0,5030710.05,176403.57142857142,2.576,26.305714285714284,97.424,13.44,1.15,176.4,3.0,3.73,823.46,5030.71,2.58,0.03,97.42,0.0,0.0,0.0,0.0
Netherlands,834.38,91.82285714285715,0.41428571428571426,6.1,5.5360000000000005,0.0,0.0,107838.518,0.43000000000000005,11.602,99.57,91.82,0.41,107.84,6.1,5.54,0.0,0.0,0.43,0.01,99.57,0.0,0.0,0.0,0.0
New Caledonia,0.0,60.0,1.8042857142857145,14.042857142857143,0.0,0.0,0.0,0.0,0.0,0.0,0.0,60.0,1.8,0.0,14.04,0.0,0.0,0.0,0.0,0.0,0.0,242.57,0.24,242.57,0.24
New Zealand,177.57,84.04285714285716,1.24,5.742857142857143,6.753333333333334,0.0,0.0,24206.4575,1.1783333333333332,14.499999999999998,98.82166666666666,84.04,1.24,24.21,5.74,6.75,0.0,0.0,1.18,0.01,98.82,42.43,0.04,42.43,0.04
Nicaragua,11.13,15.924285714285714,1.1685714285714286,6.457142857142857,4.49,0.0,0.0,30571.0,1.59,30.22,98.41,15.92,1.17,30.57,6.46,4.49,0.0,0.0,1.59,0.03,98.41,0.0,0.0,0.0,0.0
Niger,7.1,1.9985714285714287,3.827142857142857,2.457142857142857,4.782000000000001,2332170.0,4493518.04,56115.0,39.135,37.51,60.86500000000001,2.0,3.83,56.12,2.46,4.78,2332.17,4493.52,39.14,0.04,60.87,0.0,0.0,0.0,0.0
Nigeria,458.71,18.810000000000002,2.6585714285714284,6.199999999999998,0.0,0.0,0.0,574078.0,34.33,37.55,65.67,18.81,2.66,574.08,6.2,0.0,0.0,0.0,34.33,0.04,65.67,119.0,0.12,119.0,0.12
Northern Mariana Islands,0.87,0.0,-0.1671428571428572,0.0,0.0,0.0,0.0,0.0,0.0,0.0,0.0,0.0,-0.17,0.0,0.0,0.0,0.0,0.0,0.0,0.0,0.0,0.0,0.0,0.0,0.0
Norway,459.82,95.28428571428572,1.1500000000000001,3.6714285714285717,6.985,0.0,0.0,48050.293333333335,0.41500000000000004,8.893333333333333,99.585,95.28,1.15,48.05,3.67,6.98,0.0,0.0,0.42,0.01,99.58,12.66,0.01,12.66,0.01
Oman,71.34,59.49285714285714,6.119999999999999,17.314285714285713,4.96,9010.0,171523.37,0.0,2.25,0.0,97.75000000000001,59.49,6.12,0.0,17.31,4.96,9.01,171.52,2.25,0.0,97.75,180.43,0.18,180.43,0.18
Pakistan,234.35,11.338571428571429,2.0785714285714287,5.885714285714285,2.3750000000000004,10320247.6,35244673.401999995,437921.6666666667,27.565,42.84,72.435,11.34,2.08,437.92,5.89,2.38,10320.25,35244.67,27.56,0.04,72.44,173.86,0.17,173.86,0.17
Palau,0.24,0.0,0.7942857142857144,0.0,0.0,19.5,145.07999999999998,98.0,7.156666666666666,14.19,92.84333333333335,0.0,0.79,0.1,0.0,0.0,0.02,0.15,7.16,0.01,92.84,,,,
Panama,43.51,45.32285714285714,1.7085714285714286,4.685714285714286,3.19,14862.0,87034.69,19221.0,3.436,22.684,96.56400000000001,45.32,1.71,19.22,4.69,3.19,14.86,87.03,3.44,0.02,96.56,,,,
Papua New Guinea,19.87,5.125714285714286,2.165714285714286,2.5714285714285716,0.0,0.0,0.0,31586.0,12.84,45.17,87.16,5.13,2.17,31.59,2.57,0.0,0.0,0.0,12.84,0.05,87.16,,,,
Paraguay,26.33,36.22714285714286,1.3285714285714287,5.385714285714285,4.57,19214.666666666668,132878.44,34694.0,10.483333333333333,24.16,89.51666666666667,36.23,1.33,34.69,5.39,4.57,19.21,132.88,10.48,0.02,89.52,,,,
Peru,185.09,39.24857142857143,1.3042857142857145,4.942857142857143,3.2349999999999994,61956.25,814442.47,191588.5,3.4166666666666665,18.691666666666666,96.58333333333333,39.25,1.3,191.59,4.94,3.23,61.96,814.44,3.42,0.02,96.58,,,,
Philippines,261.13,42.44857142857143,1.6214285714285717,6.7,0.0,363682.0,1576812.49,461244.0,3.25,31.35,96.75,42.45,1.62,461.24,6.7,0.0,363.68,1576.81,3.25,0.03,96.75,,,,
Poland,503.74,65.33285714285714,-0.09000000000000001,8.9,4.901999999999999,0.0,0.0,218782.66666666666,3.164,10.018,96.83599999999998,65.33,-0.09,218.78,8.9,4.9,0.0,0.0,3.16,0.01,96.84,,,,
Portugal,222.79,62.089999999999996,-0.33285714285714285,13.22857142857143,5.182,6456.0,97653.35,57745.166666666664,1.1166666666666665,12.193333333333333,98.88333333333333,62.09,-0.33,57.75,13.23,5.18,6.46,97.65,1.12,0.01,98.88,,,,
Puerto Rico,100.74,66.74571428571429,-1.317142857142857,14.042857142857143,6.39,6734.0,149116.74,21381.4,14.524000000000001,12.822,85.476,66.75,-1.32,21.38,14.04,6.39,6.73,149.12,14.52,0.01,85.48,,,,
Qatar,171.68,81.60857142857142,6.852857142857142,0.3285714285714286,3.95,5097.8,42535.89,9789.5,4.04,10.958333333333334,95.96,81.61,6.85,9.79,0.33,3.95,5.1,42.54,4.04,0.01,95.96,,,,
Romania,183.08,49.27428571428571,-0.4714285714285715,6.799999999999999,3.1425,24414.0,107878.84,49562.0,8.032499999999999,17.4875,91.9675,49.27,-0.47,49.56,6.8,3.14,24.41,107.88,8.03,0.02,91.97,,,,
Russian Federation,1828.09,63.44428571428572,0.15428571428571428,5.871428571428572,3.86,61915.0,166921.78,285194.3333333333,2.836,19.743333333333336,97.164,63.44,0.15,285.19,5.87,3.86,61.92,166.92,2.84,0.02,97.16,,,,
Rwanda,7.41,11.517142857142858,2.5371428571428574,3.128571428571429,4.476666666666667,438181.5,1338288.77,39939.333333333336,3.4,59.73333333333333,96.6,11.52,2.54,39.94,3.13,4.48,438.18,1338.29,3.4,0.06,96.6,,,,
Samoa,0.77,17.462857142857143,0.7728571428571429,8.057142857142859,0.0,265.0,0.0,1021.0,3.478,30.24,96.522,17.46,0.77,1.02,8.06,0.0,0.26,0.0,3.48,0.03,96.52,,,,
San Marino,1.84,49.6,1.1071428571428572,0.0,2.3449999999999998,0.0,0.0,246.33333333333334,6.4,6.38,93.6,49.6,1.11,0.25,0.0,2.34,0.0,0.0,6.4,0.01,93.6,,,,
Sao Tome and Principe,0.28,23.101428571428567,2.2471428571428573,13.742857142857144,6.422499999999999,1161.0,5539.43,1096.0,4.7925,32.248333333333335,95.2075,23.1,2.25,1.1,13.74,6.42,1.16,5.54,4.79,0.03,95.21,,,,
Saudi Arabia,676.66,58.72571428571428,2.73,5.6,0.0,39203.0,743446.08,327046.1666666667,5.9316666666666675,10.875,94.06833333333333,58.73,2.73,327.05,5.6,0.0,39.2,743.45,5.93,0.01,94.07,,,,
Senegal,14.29,15.25,2.932857142857143,10.142857142857142,6.638,1078450.5,2613293.205,56279.833333333336,28.03333333333333,32.36666666666667,71.96666666666668,15.25,2.93,56.28,10.14,6.64,1078.45,2613.29,28.03,0.03,71.97,,,,
Serbia,41.69,54.15857142857142,-0.5242857142857142,20.014285714285712,4.42,5641.0,30967.735,18321.833333333332,3.0066666666666664,15.595,96.99333333333335,54.16,-0.52,18.32,20.01,4.42,5.64,30.97,3.01,0.02,96.99,,,,
Seychelles,1.27,49.09428571428572,1.1600000000000001,0.0,3.61,160.0,2158.07,669.5,4.796666666666666,13.086666666666666,95.20333333333333,49.09,1.16,0.67,0.0,3.61,0.16,2.16,4.8,0.01,95.2,,,,
Sierra Leone,3.9,4.5928571428571425,2.27,2.9,2.626,521454.0,1607369.73,46842.25,0.65,29.384999999999998,99.35,4.59,2.27,46.84,2.9,2.63,521.45,1607.37,0.65,0.03,99.35,,,,
Singapore,286.52,76.27714285714285,1.672857142857143,2.5571428571428574,3.0574999999999997,976.4285714285714,62559.962857142855,0.0,0.0,0.0,0.0,76.28,1.67,0.0,2.56,3.06,0.98,62.56,0.0,0.0,0.0,,,,
Sint Maarten (Dutch part),0.0,0.0,0.355,0.0,0.0,0.0,0.0,318.0,0.0,11.27,0.0,0.0,0.36,0.32,0.0,0.0,0.0,0.0,0.0,0.01,0.0,,,,
Slovak Republic,93.97,77.54714285714284,0.11285714285714285,12.942857142857145,4.064,0.0,0.0,14014.333333333334,0.0,15.133333333333333,0.0,77.55,0.11,14.01,12.94,4.06,0.0,0.0,0.0,0.02,0.0,,,,
Slovenia,47.35,71.22285714285715,0.17714285714285719,8.714285714285714,5.57,0.0,0.0,6396.0,2.492,16.85,97.50800000000001,71.22,0.18,6.4,8.71,5.57,0.0,0.0,2.49,0.02,97.51,,,,
Solomon Islands,1.02,8.0,2.138571428571429,31.057142857142857,10.0,0.0,0.0,4809.666666666667,29.546666666666667,20.87333333333333,70.45333333333333,8.0,2.14,4.81,31.06,10.0,0.0,0.0,29.55,0.02,70.45,,,,
Somalia,5.79,1.5666666666666664,2.874285714285714,6.1571428571428575,0.0,0.0,0.0,0.0,0.0,0.0,0.0,1.57,2.87,0.0,6.16,0.0,0.0,0.0,0.0,0.0,0.0,,,,
South Africa,359.93,42.91285714285714,1.522857142857143,25.057142857142853,6.022,124726.2,1394737.418,215138.2,0.0,32.772,0.0,42.91,1.52,215.14,25.06,6.02,124.73,1394.74,0.0,0.03,0.0,,,,
South Sudan,14.18,0.0,4.2725,0.0,1.4100000000000001,0.0,0.0,28160.5,64.185,48.325,35.815,0.0,4.27,28.16,0.0,1.41,0.0,0.0,64.18,0.05,35.82,,,,
Spain,1347.07,72.82571428571428,0.024285714285714292,22.61428571428571,4.54,15058.42857142857,247895.35571428572,223543.0,0.5066666666666667,12.835,99.49333333333334,72.83,0.02,223.54,22.61,4.54,15.06,247.9,0.51,0.01,99.49,,,,
Sri Lanka,72.29,22.147142857142853,0.8557142857142858,4.428571428571429,1.7933333333333332,59744.0,889122.61,73692.16666666667,3.5800000000000005,23.828333333333333,96.42,22.15,0.86,73.69,4.43,1.79,59.74,889.12,3.58,0.02,96.42,,,,
St. Kitts and Nevis,0.8,67.90285714285713,1.0642857142857145,0.0,2.78,0.0,0.0,405.8333333333333,16.491666666666667,14.283333333333331,83.50833333333333,67.9,1.06,0.41,0.0,2.78,0.0,0.0,16.49,0.01,83.51,,,,
St. Lucia,1.52,45.52285714285714,0.5728571428571428,21.52857142857143,4.505,0.0,0.0,1090.8333333333333,0.0,16.626666666666665,0.0,45.52,0.57,1.09,21.53,4.5,0.0,0.0,0.0,0.02,0.0,,,,
St. Martin (French part),0.0,0.0,1.1825,0.0,0.0,0.0,0.0,0.0,0.0,0.0,0.0,0.0,1.18,0.0,0.0,0.0,0.0,0.0,0.0,0.0,0.0,,,,
St. Vincent and the Grenadines,0.72,44.09142857142858,0.049999999999999996,18.47142857142857,5.09,0.0,0.0,881.4,3.251666666666667,15.579999999999998,96.74833333333333,44.09,0.05,0.88,18.47,5.09,0.0,0.0,3.25,0.02,96.75,,,,
Sudan,78.29,22.444285714285716,2.317142857142857,12.985714285714284,0.0,0.0,0.0,0.0,43.985,0.0,56.015,22.44,2.32,0.0,12.99,0.0,0.0,0.0,43.98,0.0,56.02,,,,
Suriname,4.61,37.701428571428565,1.0014285714285713,6.8999999999999995,0.0,1769.5,13479.54,5006.5,6.910000000000001,14.12,93.08999999999999,37.7,1.0,5.01,6.9,0.0,1.77,13.48,6.91,0.01,93.09,,,,
Swaziland,4.39,22.148571428571433,1.8414285714285714,26.857142857142854,6.636666666666667,19306.0,71640.05,8129.6,19.196,29.6,80.804,22.15,1.84,8.13,26.86,6.64,19.31,71.64,19.2,0.03,80.8,,,,
Sweden,537.19,92.19571428571429,0.9014285714285715,7.8428571428571425,7.236,0.0,0.0,62566.2,0.42333333333333334,10.474,99.57666666666667,92.2,0.9,62.57,7.84,7.24,0.0,0.0,0.42,0.01,99.58,,,,
Switzerland,671.03,86.41714285714285,1.1142857142857143,4.385714285714286,5.034000000000001,0.0,0.0,46383.666666666664,0.5833333333333333,10.433333333333332,99.41666666666667,86.42,1.11,46.38,4.39,5.03,0.0,0.0,0.58,0.01,99.42,,,,
Syrian Arab Republic,0.0,26.234285714285715,-1.7457142857142858,13.685714285714283,0.0,0.0,0.0,0.0,29.13,0.0,70.87,26.23,-1.75,0.0,13.69,0.0,0.0,0.0,29.13,0.0,70.87,,,,
Tajikistan,7.48,16.004285714285714,2.2314285714285718,10.985714285714284,4.3,0.0,0.0,29509.85714285714,1.8957142857142857,22.997142857142855,98.10428571428572,16.0,2.23,29.51,10.99,4.3,0.0,0.0,1.9,0.02,98.1,,,,
Tanzania,41.41,6.3500000000000005,3.1214285714285714,2.7285714285714286,4.055,1679743.6666666667,4088961.153333333,181821.75,16.0025,45.707499999999996,83.9975,6.35,3.12,181.82,2.73,4.06,1679.74,4088.96,16.0,0.05,84.0,,,,
Thailand,391.83,31.882857142857144,0.41714285714285715,0.8285714285714285,4.2524999999999995,214484.33333333334,1715865.2666666666,316242.0,8.4,16.118000000000002,91.6,31.88,0.42,316.24,0.83,4.25,214.48,1715.87,8.4,0.02,91.6,,,,
Timor-Leste,1.34,12.964285714285714,2.1442857142857146,3.271428571428572,7.978,43497.0,172075.93,7668.0,2.4233333333333333,30.775,97.57666666666667,12.96,2.14,7.67,3.27,7.98,43.5,172.08,2.42,0.03,97.58,,,,
Togo,3.98,5.590000000000001,2.6242857142857146,6.242857142857143,4.7283333333333335,246416.5,1035310.5349999999,33150.0,4.755,41.190000000000005,95.245,5.59,2.62,33.15,6.24,4.73,246.42,1035.31,4.76,0.04,95.24,,,,
Tonga,0.43,31.185714285714287,0.47714285714285715,5.042857142857144,0.0,110.0,222.52,730.2,2.27,23.548,97.73,31.19,0.48,0.73,5.04,0.0,0.11,0.22,2.27,0.02,97.73,,,,
Trinidad and Tobago,24.48,62.08857142857143,0.4614285714285714,4.371428571428571,0.0,0.0,0.0,0.0,1.27,0.0,98.73,62.09,0.46,0.0,4.37,0.0,0.0,0.0,1.27,0.0,98.73,,,,
Tunisia,44.85,43.81428571428571,1.1514285714285715,15.714285714285717,6.25,59274.5,1075647.775,62978.833333333336,0.31,16.898333333333333,99.69,43.81,1.15,62.98,15.71,6.25,59.27,1075.65,0.31,0.02,99.69,,,,
Turkey,869.52,48.2,1.5514285714285716,9.599999999999998,4.414999999999999,127608.0,1391948.1366666667,296618.6666666667,5.468333333333333,19.763333333333332,94.53166666666668,48.2,1.55,296.62,9.6,4.41,127.61,1391.95,5.47,0.02,94.53,,,,
Turkmenistan,34.53,9.998571428571427,1.7557142857142858,8.942857142857145,3.06,0.0,0.0,0.0,0.0,0.0,0.0,10.0,1.76,0.0,8.94,3.06,0.0,0.0,0.0,0.0,0.0,,,,
Turks and Caicos Islands,0.0,0.0,2.045714285714286,0.0,3.27,0.0,0.0,285.0,0.0,9.29,0.0,0.0,2.05,0.28,0.0,3.27,0.0,0.0,0.0,0.01,0.0,,,,
Tuvalu,0.04,36.41571428571428,0.8714285714285713,0.0,0.0,0.0,0.0,117.0,2.795,12.72,97.205,36.42,0.87,0.12,0.0,0.0,0.0,0.0,2.8,0.01,97.2,,,,
Uganda,23.79,15.959999999999997,3.37,2.257142857142857,2.45,995976.5,3332333.0650000004,180314.83333333334,7.569999999999999,47.6875,92.43,15.96,3.37,180.31,2.26,2.45,995.98,3332.33,7.57,0.05,92.43,,,,
Ukraine,139.44,39.40428571428572,-0.33,8.328571428571427,6.345000000000001,1744.0,4869.93,98943.8,2.492,16.192,97.508,39.4,-0.33,98.94,8.33,6.35,1.74,4.87,2.49,0.02,97.51,,,,
United Arab Emirates,359.42,84.35714285714286,2.711428571428572,4.0285714285714285,0.0,0.0,0.0,20614.333333333332,5.4383333333333335,18.44333333333333,94.56166666666667,84.36,2.71,20.61,4.03,0.0,0.0,0.0,5.44,0.02,94.56,,,,
United Kingdom,2717.01,89.44142857142857,0.75,6.771428571428571,5.714,0.0,0.0,255697.196,0.27199999999999996,17.788,99.728,89.44,0.75,255.7,6.77,5.71,0.0,0.0,0.27,0.02,99.73,,,,
United States,16781.05,73.03571428571429,0.7428571428571428,7.2,5.2299999999999995,0.0,0.0,1714597.2240000002,5.805,14.258,94.19500000000001,73.04,0.74,1714.6,7.2,5.23,0.0,0.0,5.8,0.01,94.2,,,,
Uruguay,51.42,57.48571428571428,0.34142857142857147,6.814285714285714,4.36,5797.833333333333,21336.645,26729.333333333332,2.0533333333333332,12.406666666666666,97.94666666666666,57.49,0.34,26.73,6.81,4.36,5.8,21.34,2.05,0.01,97.95,,,,
Uzbekistan,55.99,29.998571428571427,1.957142857142857,8.957142857142857,0.0,0.0,0.0,118286.28571428571,3.8185714285714285,17.365714285714287,96.18142857142858,30.0,1.96,118.29,8.96,0.0,0.0,0.0,3.82,0.02,96.18,,,,
Vanuatu,0.77,14.892857142857142,2.2628571428571425,5.357142857142857,5.23,0.0,0.0,1865.3333333333333,13.3,23.683333333333337,86.7,14.89,2.26,1.87,5.36,5.23,0.0,0.0,13.3,0.02,86.7,,,,
"Venezuela, RB",388.86,51.48714285714285,1.4185714285714286,7.485714285714287,0.0,85804.0,451507.11999999994,0.0,6.628333333333333,0.0,93.37166666666667,51.49,1.42,0.0,7.49,0.0,85.8,451.51,6.63,0.0,93.37,,,,
Vietnam,166.18,38.86,1.0657142857142858,2.0857142857142854,5.2825,0.0,0.0,372240.8333333333,1.5374999999999999,19.37666666666667,98.4625,38.86,1.07,372.24,2.09,5.28,0.0,0.0,1.54,0.02,98.46,,,,
Virgin Islands (U.S.),3.97,45.31285714285714,-0.51,8.6,0.0,0.0,0.0,0.0,0.0,0.0,0.0,45.31,-0.51,0.0,8.6,0.0,0.0,0.0,0.0,0.0,0.0,,,,
West Bank and Gaza,11.7,48.67857142857143,2.95,24.400000000000002,1.5020000000000002,6473.571428571428,62093.048571428575,17254.833333333332,8.506666666666666,24.866666666666664,91.49333333333334,48.68,2.95,17.25,24.4,1.5,6.47,62.09,8.51,0.02,91.49,,,,
"Yemen, Rep.",35.39,19.41714285714286,2.6128571428571425,17.22857142857143,0.0,0.0,0.0,117790.40999999999,16.14,30.436666666666667,83.86,19.42,2.61,117.79,17.23,0.0,0.0,0.0,16.14,0.03,83.86,,,,
Zambia,23.81,16.554285714285715,2.991428571428571,9.0,0.0,316811.0,751871.24,59198.75,10.5775,51.504999999999995,89.42250000000001,16.55,2.99,59.2,9.0,0.0,316.81,751.87,10.58,0.05,89.42,,,,
Zimbabwe,14.39,14.93142857142857,2.237142857142857,5.3571428571428585,6.817500000000001,303359.5,682640.695,73751.5,12.295,36.135,87.705,14.93,2.24,73.75,5.36,6.82,303.36,682.64,12.3,0.04,87.7,,,,
